,Exo05,Exo10,RNase-APO-0,RNase-APO-1000,RNase-APO-50,RNase-HuR-0,RNase-HuR-1000,arr,polyA-APO-0,polyA-APO-50,polyA-HuR-0,polyA-HuR-1000,rar11_JC_rep2,rar11_rep1,rar11_rep2,rar11_rep2-EV,rar11_rep2-TOB2,rar19,rar_JC,rar_rep1,rar_rep2,rz-EV,rz-RBM15,rz-TOB2,rz_rep1,avg_cpm,stderr_cpm,avg_cpm_bins,cpm_estimated_from,group,5prime_to_BSJ,3prime_to_BSJ
chr1:2150790|2156092:+,0.0,0.0,0.0,0.0,0.0,0.0,0.0,0.0,0.0,0.0,0.0,0.0,0.04242416246112409,0.016954335856414298,0.00419626505721662,0.0,0.03820521505551818,0.0,0.0,0.0,0.0675693815924067,0.0,0.0,0.0,0.0,0.01057530045681546,0.8530555149529381,"(0.00279, 0.011]","rar11_rep2,rar11_rep1",rar11_unique,CCTGTGAGGAGCATTCGGGAGCCTCATTACCACTCCCTGGTTTCTATTTCAGGATATTGACTGGGTACAGACAGAGAAGCACGTGTTTGAGCAGGCATCCAGCAACCCCTTCCTGGTCGGATTACACTCCTGCTTCCAGACGACAAGTCG,GACCTTAAGCCAGTTATCGATGGGATGGATGGAATCAAAATCTCTCAGGGGCTTGGGCTGCAGGACTTTGACCTAATCAGAGTCATCGGGCGCGGGAGCTACGCCAAGGTTCTCCTGGTGCGGTTGAAGAAGAATGACCAAATTTACGCC
chr1:6531968|6549698:-,0.0,0.0,0.0,0.0,0.0,0.0,0.0,0.0,0.0,0.0,0.0,0.0,0.035353468717603406,0.016954335856414298,0.00419626505721662,0.05240415154911703,0.01091577573014805,0.0,0.0,0.02123206848310268,0.0,0.0,0.0,0.0,0.0,0.01057530045681546,0.8530555149529381,"(0.00279, 0.011]","rar11_rep2,rar11_rep1",rar11_unique,TTAAATGTCTACTTACCTTGTTGTGATTTGCCTTTCAGAGAGTCACATAACAAAATTCTTCGAGATCTGTCCATCTTGAGTTACCTTAGCCAGCTGCAGCCCCCGATGCCCAAACCACTTTCTCCTTTACATAGCCTGACACCCTATCAG,ATGACAGGCGTTGGTCGATGCAGAATTTTTCTCCTCAGTGTTCCATTGTGTTGCTAGAACATCTGAAAACTGCCACTGTAAACTTCATAACCAGCTATCCGGGTTCATCCTACATTTTTGTGCAAGAGGTAGAACCCGTTTTCATTCAGA
chr1:19169435|19185286:-,0.0,0.0,0.0,0.0,0.0,0.0,0.0,0.0,0.0,0.0,0.0,0.0,0.017676734358801703,0.01356346868513144,0.00839253011443324,0.010480830309823405,0.0,0.0,0.0,0.0,0.0,0.0,0.0,0.0,0.0,0.01097799939978234,0.3330666722856868,"(0.00279, 0.011]","rar11_rep2,rar11_rep1",rar11_unique,GTGTCGTTCCTTCTTTCTTGTGATGATTCCTTGTCCTTTCTGTCGCCTCCAGGTCCGACACTGGTTCAGAATTTGCCATCGTCAGTGCAGACTGTGTGTGAGTCCTGGAACAACATCAATACCAATGAATTTCCCAATATTGGATCCTGG,ACGATGACAGTGAGCCTATTTTGGGGCAATGGTTTGAGGAGACTATTTCTCCCAGTAAAGAGAAAGCAGCACCTCCGCCTCCTCCCCCACCTCCTCCACTGGAAAGCTCTCCTCGGGTTAAAAGCCCCAGTAAGCAGGCCCCTGGTGAGA
chr1:1789053|1790596:-,0.0,0.0,0.010492349844112537,0.0,0.01068288003095813,0.0,0.0,0.0,0.0,0.0,0.0,0.0,0.14494922174217398,0.016954335856414298,0.01678506022886648,0.03668290608438192,0.03274732719044416,0.0,0.0,0.0,0.1351387631848134,0.0,0.0,0.0,0.0,0.016869698042640387,0.007095322265171793,"(0.011, 0.0169]","rar11_rep2,rar11_rep1",rar11_unique,GTGCTGACCAGGAGCTCATGACTTACTCCCATGACAACATCATCTGCGGGATCACCTCTGTCTCCTTCTCCAAGAGCGGGCGCCTCCTCCTTGCTGGGTACGACGACTTCAACTGCAACGTCTGGGATGCACTCAAAGCCGACCGGGCAG,TGCCCTGTGGGACATCGAGACCGGCCAGCAGACGACCACGTTTACCGGACACACTGGAGATGTCATGAGCCTTTCTCTTGCTCCTGACACCAGACTGTTCGTCTCTGGTGCTTGTGATGCTTCAGCCAAACTCTGGGATGTGCGAGAAGG
chr1:1815601|1839238:-,0.0,0.0,0.0,0.0,0.0,0.0,0.0,0.0,0.0,0.0,0.0,0.0,0.0035353468717603405,0.016954335856414298,0.01678506022886648,0.03144249092947022,0.0,0.0,0.0,0.0,0.0,0.0,0.0,0.0,0.0,0.016869698042640387,0.007095322265171793,"(0.011, 0.0169]","rar11_rep2,rar11_rep1",rar11_unique,CGTGGGCATGAGCAGGATGCTGCTTGTTACATTCAGGGGCTGCTCTGTTGTCCTAGGGGAAAAGTACCTGAACCCATTTGCTGTGCTGTGCAGTGAAGAAATTAGGAAGTTGAATCAGAACTCTGGGCACGCAAGGTGCAGCGTTCACAG,ACAAATTTACATGTATTGGAGACCAGACCAGAAGCCCTTCTGAATTAAGGTAATTTTGATATATTTGATCCTCATCAGTTTTAGAAAGACAATATATAAATTTCTTCAGAGTTTGTTTTTATAAATAGCTGGTGGGTTGGTTTTTTAAAG
chr1:2393270|2403081:+,0.0,0.0,0.005246174922056268,0.0,0.0,0.0,0.0,0.0,0.0,0.0,0.0,0.0,0.04949485620464477,0.00339086717128286,0.02937385540051634,0.04192332123929362,0.005457887865074025,0.006707919027099523,0.0,0.0,0.022523127197468903,0.0,0.0,0.0,0.0,0.0163823612858996,1.1214956654749626,"(0.011, 0.0169]","rar11_rep2,rar11_rep1",rar11_unique,ATGTATAGAAAAGATGGGGGACCTTTGGCCGCTCAGATTTGGGGACAGTGTGACTGACTGGAGAGCGGTTGTGCAGTAACTGAGTCTGTGTTTCTCTCCCCAGCACATGATTAAGTACCGGTACATCCCGTTCACACATGGGAAGAGAAG,GTGGCAGGGCCCAGCCCCGAACCAGACAAGGGACCCCTCAAGGAGCTTCATTCTAGCAGGAGAAAATTGAGAAGTAAACCAGAAAGGTATCAGGAAACAGTTGTACACAAAATAAAAATAGGGTGATGTGATGTAAGGGACTGGGGGTCA
chr1:20879323|20904971:-,0.0,0.0,0.0,0.018635496521063392,0.03204864009287439,0.0,0.0,0.0,0.0,0.0,0.0,0.0,0.0601008968199258,0.030517804541545738,0.01678506022886648,0.04716373639420532,0.0218315514602961,0.0,0.0,0.0,0.022523127197468903,0.0,0.0,0.0,0.0,0.02365143238520611,0.41056780281393834,"(0.0169, 0.0237]","rar11_rep2,rar11_rep1",rar11_unique,ATGTTCAATCAACTGATGAAGCAAGTGTCAGGACTTACTGTTGACACAGAGGAGCGGCTGAAAGGAGTTATTGACCTGGTCTTTGAGAAGGCTATTGATGAACCCAGTTTCTCTGTGGCTTACGCAAACATGTGTCGATGTCTAGTAACG,CTCAAATAGCTATAACTGTACCAAAGACATGGAAGAAACCAAAAGATCGGACCCGAACCACTGAAGAGATGTTAGAGGCAGAATTGGAGGTAAGCAAATCTCTTAAGTTCATATTCAGAGCAGTGGTGCCATTTCATAGACAGGTATGTG
chr1:21701498|21706187:-,0.0,0.0,0.0,0.0,0.0,0.0,0.0,0.0,0.0,0.0,0.0,0.0,0.0035353468717603405,0.030517804541545738,0.01678506022886648,0.03668290608438192,0.03274732719044416,0.0,0.0,0.0,0.0,0.0,0.0,0.0,0.0,0.02365143238520611,0.41056780281393834,"(0.0169, 0.0237]","rar11_rep2,rar11_rep1",rar11_unique,TCCTAGGGTCTGACCTACTTCTCTTTGTTGTCCTGGCACATTCAGGTGATGAAGGATTCGGCTCCGGAACTGAATGTGAGTAGTTCTGAAACAGAGGAGGACAAGGAAGAAGCTAAACCAGATGGAGAAAAAGATCCAGATTTTAATCAA,GATACGGATGTCCTCTACATCGTGTCTCAGTTCTTTGTAGAAGAGTGGCGGAAATTTGTTAGGTAGAAACAAAATATGTTTTATTTCCTTTATTGTTACTGATTTGGTTGACTCTGGTATTTTTTAAGATATCGTGGATTCTGTTTGTTG
chr1:63628205|63638800:+,0.0,0.0,0.0,0.0,0.016024320046437196,0.0,0.0,0.0,0.0,0.0,0.0,0.0,0.014141387487041362,0.01356346868513144,0.03357012045773296,0.03144249092947022,0.0,0.0,0.0,0.0,0.0,0.0,0.0,0.0,0.0,0.0235667945714322,0.6002869458705798,"(0.0169, 0.0237]","rar11_rep2,rar11_rep1",rar11_unique,GCTGTGATGTAACTTTGATTTCATGCCTTTGAAGGGTGGCTAGTGCTACAAAGATTGCTTTGTATGAGACCCCAACTGGCTGGAAGTTTTTTGGGAATTTGATGGACGCGAGCAAACTGTCCCTTTGTGGGGAGGAGAGCTTCGGGACCG,GTTCCTGTAGTCTAAAAAGCAGCCTACTGACAGCATCCACCCTGGTGGTTACCATTTCCTGGGGAAGGCAGGATATAACCAATATATTAGGGGAGCTACAACAAAAATTGTTCGGAGATTGACATATGAGAGCCAAGAGGTAACTGAAGG
chr1:41006051|41011689:+,0.0,0.0,0.031477049532337605,0.0,0.016024320046437196,0.0,0.0,0.0,0.0,0.0,0.0,0.0,0.028282774974082724,0.01017260151384858,0.054551445743816054,0.07336581216876384,0.0,0.0,0.0,0.0,0.15766189038228232,0.0,0.0,0.0,0.0,0.032362023628832316,0.9696730357823967,"(0.0237, 0.0324]","rar11_rep2,rar11_rep1",rar11_unique,TTCTACTGCTCTGCCATGAAAAACAGGCTTAGTTTCCCATGGCAGCTGACTAGAAATTCTAACTTTTCTACTTTAATGTACATCATATAATTCCCACTTTTTTTTTTCTTTTAAACAGGGATGATTCTTCAAGAGACCCTTCAAACTTGG,ATGCCAATTCTACAGAGTTTGACCCTACGACCAGTCATCCCGTGGTGAGTCAAGTGTTTGAACCTCCACAGGGCTTAGAAGGGTGTAGAAGGGGCATTTATGAACGTGATTGATGATTAGAGACAAGAAGTGAGACTGCTTGAGTCCATC
chr1:48395267|48399644:-,0.0,0.0,0.0,0.0,0.0,0.0,0.0,0.0,0.0,0.0,0.0,0.0,0.017676734358801703,0.01017260151384858,0.054551445743816054,0.03144249092947022,0.09824198157133247,0.0,0.6142182149943411,0.0,0.0,0.0,0.0,0.0,0.0,0.032362023628832316,0.9696730357823967,"(0.0237, 0.0324]","rar11_rep2,rar11_rep1",rar11_unique,ATGAGATTGAAAGTCTAGGAATGTTTAAACTCTCTTTTACATAAAAATCCTGCTTCCTCTAGGTTGATCCCCCAAGTCCCAGGGCTGATACTTTATTGGGATCTTCTGGAAGAGACTGTGAAAGAGATGGATGGTCAAGGGTGCACAATG,GATAAATTTATTTACCATTTGGCTCCAGTTGAAAAATCACATGGCAGACTGCAAAACAGAACATCAAGATCACAAAAGAAAAAATCCAAGTCACCTGAGAGAAGTAAATACTGTATAAATGCAAAAAACTACGAACAGCCTACAATTTCT
chr1:155777622|155784089:-,0.0,0.0,0.0,0.0,0.0,0.0,0.0,0.0,0.0,0.0,0.0,0.0,0.028282774974082724,0.030517804541545738,0.03357012045773296,0.03668290608438192,0.0218315514602961,0.0,0.03838863843714632,0.0,0.0,0.0,0.0,0.0,0.0,0.032043962499639346,0.067354756225417,"(0.0237, 0.0324]","rar11_rep2,rar11_rep1",rar11_unique,AAGGAGCTATTTGAACAGCTGAAGATGAAGAAATCTTCAGCCAAACAGCTGCAGGAAGTAGAGAAGGTTAAACCCCAGAGTGAGAAAGTTCATCAGACTCTGATTCTGGACCCAGCACAGAGGAAGAGACTCCAGCAGCAGATGCAGCAG,TTCCAAGATGAGATGGGATTCTCCAACATGGAAGATGATGGCCCAGAAGAGGAGGAGTGTGTAGCTGAGCCTCGTCCTAACTTTAACACCCCTCAAGCTCTACGGTAGGCTAGTTGAAGACCTTGAGATTTGGAATAGAGGAAAAGTTTA
chr1:173807267|173811306:-,0.0,0.0,0.0,0.006211832173687797,0.016024320046437196,0.0,0.0,0.0,0.0,0.0,0.0,0.0,0.09191901866576885,0.0508630075692429,0.037766385514949576,0.14673162433752768,0.0818683179761104,0.0,0.0,0.0,0.0,0.0,0.0,0.0,0.0,0.04431469654209624,0.20897605056216495,"(0.0324, 0.0444]","rar11_rep2,rar11_rep1",rar11_unique,TATTCTAGACTTCTCAATGCTTTTATTGTTGCTGAAAAGCAAAAAGGACTTGCTGTGGAAGTGGGAGAAGACTTCAACATCAAAGTGATTTTTTCTACTCTCCTAGGAATGAAAGGAACACAAAGGGACCCGGAAGCATTTCTTGTCCAG,ACAGACCATGGATTCTTACAGTGCACCAGAGTCAACTCCTAGTGCATCCTCAAGACCTGAAGATTACTTTATAGGTGCCACTCCTCTGCAGAAACGATTAGAATCGGTCAGGAAGCAGAGTTCATTTATCCTGACTCCACCTCGAAGGAA
chr1:179917452|179918080:+,0.0,0.0,0.0,0.006211832173687797,0.0,0.0,0.0,0.0,0.0,0.0,0.0,0.0,0.010606040615281023,0.0508630075692429,0.037766385514949576,0.010480830309823405,0.0218315514602961,0.0,0.0,0.0,0.0,0.0,0.0,0.0,0.0,0.04431469654209624,0.20897605056216495,"(0.0324, 0.0444]","rar11_rep2,rar11_rep1",rar11_unique,GAGTCATTTCCCGCAGGCTCTACTTTGATCTTCTACAAATATTGTGACCATGAAAACGCGGCCTTCAAAGATGTAGCCTTAGTCCTGACTGTCTTATTGGAGGAAGAGACACTTGGAACAAGTCTAGGCCTAAAGGAAGTTGAAGAAAAA,AAGTGACTGGACAACCCCAAAATGCATCTTTTGTCAAGAGGAACCGGTGGTGGCTACTTCCTCTGATAGCTGCTCTTGCCTCTGGGAGTTTTTGGTTCTTTAGTACTCCTGAGGTAGAAACCACTGCTGTTCAAGAGTTCCAGAACCAGA
chr1:227646544|227654476:+,0.0,0.0,0.0,0.0,0.0,0.0,0.0,0.0,0.0,0.0,0.0,0.0,0.1308078342551326,0.033908671712828596,0.054551445743816054,0.04192332123929362,0.07095254224596233,0.0,0.34549774593431687,0.01061603424155134,0.0,0.0,0.0,0.0,0.005498265341270952,0.04423005872832232,0.33001641687773664,"(0.0324, 0.0444]","rar11_rep2,rar11_rep1",rar11_unique,TTCTTTCAGCTATTTTATCTTATTCCATTCAAGACCTTTTGCCAGAGCAGGATATGAAAGATTTATGCCAAAAAGTGACACTGACAAGACATAGAAGCTGGGGCCTTGACAATTTGCACTTAGTGAAAGACTGGAGAACTGTGAATGAAG,GGACTACTGGCATTCAGTGATGTGGTCATAGAATTCTCTCCAGAGGAGTGGGCATGCCTGGACCCTGCCCAGCGAAATTTGTATAGGGATGTGATGTTCGAGAACTACAGAAACCTGGTCTCCCTGGGTGAGGATAACTTCAATACACAA
chr1:32944019|32945628:-,0.0,0.0,0.0,0.0,0.005341440015479065,0.0,0.0,0.0,0.0,0.0,0.0,0.0,0.03181812184584307,0.061035609083091476,0.06714024091546592,0.14673162433752768,0.06549465438088832,0.006707919027099523,0.6142182149943411,0.11677637665706475,0.0,0.0,0.0,0.0,0.010996530682541904,0.06408792499927869,0.067354756225417,"(0.0444, 0.0642]","rar11_rep2,rar11_rep1",rar11_unique,TTCCCCCAGGTATTGGTGTCCCCATTATGCTGGCATATGTTTATGGGGTTGTGCCCATTTCTCTTTGTCGTGGAGGCGGCTGTGGAGTTAGCACAGCCAACGGAAAAGGAGTGAAAATTGAATTTGATGAAGATGATGGTCCAATCACAG,ATTCACAGCAGGTATGAGGGAAGGAAAACCTCCAAACACAAGAGGAATTTGGCTATCACTGGAGGAGTGACTTTGTCGGTCATTGCATCCCCAGTTATTGCTGCAGTTAGTGTTGGTAAGCTAGTCAGGACCACACCTCTTCTCTCTCAG
chr1:51803814|51809401:-,0.0,0.0,0.015738524766168802,0.0,0.0,0.0,0.0,0.0,0.0,0.0,0.0,0.0,0.1202017936398516,0.04408127322667718,0.08392530114433239,0.0,0.09278409370625844,0.0,0.0,0.0,0.045046254394937806,0.0,0.0,0.0,0.0,0.06400328718550478,0.44019586445148784,"(0.0444, 0.0642]","rar11_rep2,rar11_rep1",rar11_unique,GTGGTCCTCTTTGATATCTTTGTCAATATCCTTACGCATAACCTTGCGGAACCAGCTTATGAAGCAGATGTGGCACAGCTGGAGTATAAACTGGTAGCTGGAGAACATGGTTTAATTATTCGAGTGAAAGGATTTAACCACAAACTACCT,ATATTGAAAACTCTTGGGCTGAACTGTGGAATAGTAATTTCGAATTAAATCCAGATCTTCATCTTCCAGCTGAAAACAAGTACATAGGTCAGTAAAATAGCAATTTTTATACATAATCCATCCATGTGCTAATAGGCACCTGTATAGCAC
chr1:114456213|114464388:-,0.0,0.0,0.0,0.012423664347375594,0.0,0.0,0.0,0.0,0.0,0.0,0.0,0.0,0.08838367179400852,0.04408127322667718,0.08392530114433239,0.1572124546473511,0.060036766515814285,0.0,0.0,0.0,0.0,0.01537057660935163,0.0,0.0,0.0,0.06400328718550478,0.44019586445148784,"(0.0444, 0.0642]","rar11_rep2,rar11_rep1",rar11_unique,TCTAATTCTTCATTAAAATGGTAATTTCTTTTTGTCCAACAGGTAATTTCATCAGGCAGTACCTTACACTGTCCAAAATTAACAACTTCTGAGGGCCTGGGTGGTTCTGGTGGTTCCTAATTAGCATTTCTCATCAACATTGACCTCAAG,TTGGTGTAATACGGTGCCCAGTATGCCGCCAAGAATGCAGACAGATAGACCTTGTGGATAATTATTTTGTGAAAGACACATCTGAAGCTCCTAGCAGTTCTGATGAAAAATCAGAACAGGTATGCTTCTCAATTTTTCTTTATATTCCTA
chr3:119503532|119504021:+,0.0,0.0,0.057707924142618945,0.02484732869475119,0.048072960139311595,0.16624988098586646,0.0,0.0,0.0,0.0,0.0,0.0,0.017676734358801703,0.01017260151384858,0.20981325286083097,0.0,0.0,0.02683167610839809,0.0,0.0,0.0675693815924067,0.0,0.0,0.01798482418953098,0.0,0.10999292718733977,1.2834212342354945,"(0.0642, 0.11]","rar11_rep2,rar11_rep1",rar11_unique,TAAGTCAGTGAAAATAACACTCAAGAAGGTAAATGGGATATGCTTTAAATCTTATATTTTCCTTCTCCTCCCTTTTTACCAGCACAGTGAACACTAGTCTGAATGTATACCGAAATAAAGATGCCTTAAGCCATTTTGTAATTGCAGGAG,CAATCTGCACATCGTGCTGCCACACGAGGCTTCATTCGTTATGGCTGGCGCTGGGGTTGGAGAACTGCAGTGTTTGTGACTATATTCAAGTAAGTTCACTCTGAATTGTGAGATAGTGAATTTTCTTGATATTGTTTTAGGAGTGTGTCT
chr5:83195770|83204921:+,0.0,0.0,0.015738524766168802,0.037270993042126783,0.0,0.0,0.0,0.0,0.0,0.0,0.0,0.0,0.16969664984449637,0.02712693737026288,0.1930281926319645,0.3982715517732894,0.13098930876177664,0.006707919027099523,0.0,0.0,0.11261563598734453,0.0,0.0,0.0,0.0,0.11007756500111368,1.06570219464541,"(0.0642, 0.11]","rar11_rep2,rar11_rep1",rar11_unique,GGGTGAGCCAGTTATTTATAATTCTACCTTTCTCTGTTTCTAGGGAAACTGCAATCTGTTCTGAAATGACTGCTGACCGAGATCCAGTCTATGATGAGAGTACTGATGAGGAAAGTGAAAACCAAACTGATCTCTCTGGGTTGGCTTCAG,TTCAGACTTGGTTCCTTCAACCTAGAGAAAGTTGAAAACCCAGCTGAAGTCATTAGAGAACTTATTTGTTATTGCTTGGACACCATTGCAGAAAATCAAGCCAAAAATGAGCACCTGCAGAAAGAAAATGAAAGGCTTCTGAGAGATTGG
chr9:100340257|100349372:-,0.0,0.0,0.0,0.062118321736877966,0.0,0.0,0.0,0.0,0.0,0.0,0.0,0.0,0.035353468717603406,0.1864976944205573,0.03357012045773296,0.03144249092947022,0.09824198157133247,0.006707919027099523,0.0,0.0,0.0,0.0,0.0,0.0,0.0,0.11003390743914512,0.9827527450056764,"(0.0642, 0.11]","rar11_rep2,rar11_rep1",rar11_unique,TTCTTGTAGATTTTTCTAATCTTTGCTATTTCAATAGGAGTCATGGCTTCGAAAGAACTACCTTATTGATTTTAAACACCATTTTATGAGTCGTTTTCCATATGTCTTAAAAGAAATAACCAAGCACAAAAGGAAAGAGCCAAATAAAAG,TAGTCGAGAATGACTAAAAAAAGAAAACGCCAACATGATTTTCAAAAAGTAAAATTGAAAGTTGGTAAAAAGAAGCCCAAGTTACAAAATGCTACTCCTACAAACTTTAAAACAAAGACTATACATCTGCCTGAGCAACTCAAAGAGGAT
chr6:4891713|4892379:+,0.5840224690315596,0.5973858990443717,2.476194563210558,0.0,2.820280328172947,0.6151245596477058,0.0,0.0,0.0,0.07629234463540842,0.055267198508707815,4.579524863520057,36.91255668804972,17.95125080477146,29.4661732317751,30.16382963167176,23.938296176214678,2.086162817427952,24.530339961336498,1.921502197720793,0.0,0.16907634270286792,0.3252358284992448,0.3417116596010887,0.26941500172227667,23.708712018273282,0.3434298635326855,"(0.11, 24.034]","rar11_rep2,rar11_rep1",rar11_unique,TGGCAGCGGAAAAGCCGGTCGGAGCTTTATTGGGCCCCGGTGCCGAGAGGGCCAGGATGGGGAGCAGGCCCAGGATACACCCACTAGTGCCTCAGGTGCCCGGCCCTGTGACTGCAGCCATGGCCACAGGCTTAGCTGTTAACGGGAAAG,GTTGAAAGGATTGTTGACAAAAGGAAAAATAAAAAAGGGAAGACAGAGTATTTGGTTCGGTGGAAAGGCTATGACAGCGAGGACGACACTTGGGAGCCGGAACAGCACCTCGTGAACTGTGAGGAATACATCCACGACTTCAACAGACGC
chr7:129014979|129018157:-,0.19467415634385324,0.0,2.0827314440563383,0.0,2.7294758479098027,0.39899971436607945,0.0,0.0,0.0,0.0,0.0,0.0,21.17319241497268,15.252120536430303,27.040732028703896,21.160796395533453,22.459208564779615,0.6842077407641514,8.867775478980802,1.4862447938171877,0.0,0.24592922574962608,0.11478911594090993,0.14387859351624785,0.25841847103973475,21.1464262825671,0.3941946036447908,"(0.11, 24.034]","rar11_rep2,rar11_rep1",rar11_unique,AATGATGTGACTTCTTTGCCTTTTTTGCTGGAGATCCTTACAGTGTTACCTGAAGAAGTACATAGTCGTTCCTTACGAATTGGAGCTAATCGGCGCACAGAAATTATAGAAGATTTGGCCTTCTACTCTAGTACAGTAGTATCTCTATTG,GTTCATGCATGGGAGATCTCAGACCAGTTGTTACAGATCCGGCAGGATGTGGAGTCATGCTATTTTGCTGCACAGACCATGAAAATGAAGATTCAGACCTCATTTTATGAGCTCCCCACAGACTCTCATGCCTCTTTACGGGACTCATTG
chr14:99458279|99465813:-,0.0,0.0,3.9241388416980882,0.0,5.336098575463587,0.9476243216194388,0.0,0.0,0.00663533311966676,0.0076292344635408415,0.007895314072672546,0.01683648846882374,25.168134380061865,19.331333743483587,28.73602311181941,28.539300933649134,31.90681245922276,1.4153709147179994,0.0,7.388759832119733,0.0,0.5687113345460103,0.0,0.6474536708231154,0.7312692903890365,24.0336784276515,0.2767000335517562,"(0.11, 24.034]","rar11_rep2,rar11_rep1",rar11_unique,ATTCAAACCCTCCCCAGTGAATATGACACTCCTCTCTACTTTGAAGAAGATGAAGTTCGGTATCTTCAGTCCACACAAGCTATACATGATGTCTTCAGCCAGTATAAAAACACAGCTCGACAGTACGCCTACTTCTATAAAGTCATCCAG,TCAGAAAAATGGGTAAGAAGAGTCGAGTAAAAACTCAGAAATCTGGCACTGGTGCTACAGCAACTGTGTCACCAAAGGAAATCTTGAACCTGACCAGTGAGCTGCTGCAGAGTAAGTCCTCCTCTGGGCTCTCCCTGCCTTGATGTGGTG
chr1:2169518|2174016:+,0.0,0.0,0.0,0.0,0.01068288003095813,0.0,0.0,0.0,0.0,0.0,0.0,0.0,0.0035353468717603405,0.0,0.00839253011443324,0.01572124546473511,0.0,0.0,0.0,0.01061603424155134,0.022523127197468903,0.0,0.0,0.0,0.0,0.016569580719510122,0.5081351372659721,"(0.0156, 0.0219]","rar_rep1,rar_rep2",rar_unique,ACTCGGTGATGGCTGTGTGCTCTCCCCCAGGGTTCAGCGTGGACTGGTGGGCGCTGGGAGTCCTCATGTTTGAGATGATGGCCGGGCGCTCCCCGTTCGACATCATCACCGACAACCCGGACATGAACACAGAGGACTACCTTTTCCAAG,GTTGTTCCTGGTCATTGAGTACGTCAACGGCGGGGACCTGATGTTCCACATGCAGAGGCAGAGGAAGCTCCCTGAGGAGCACGCCAGGTGGGTGCGCGTGGACGGGGCCGGGTGGGTGCGCCCGGAGTTGGGGATGGGTGGGTGCGTGCG
chr1:11956917|11958647:+,0.0,0.0,0.0,0.018635496521063392,0.01068288003095813,0.0,0.0,0.0,0.0,0.0,0.0,0.0,0.04242416246112409,0.0,0.0,0.0,0.02728943932537013,0.0,0.0,0.01061603424155134,0.022523127197468903,0.0,0.0,0.0,0.0,0.016569580719510122,0.5081351372659721,"(0.0156, 0.0219]","rar_rep1,rar_rep2",rar_unique,CCGCCCTCCCTGGTGCAGGATGAAGCTCTGCCCACGGTCCTGGTCGGCGTGTTCATCGAACAGCCCACGCCGTTTGTGTCCCTGTTCTTCCAGCGGCTCCTGCGGCTCCACTACCCCCAGAAACACATGCGACTTTTCATCCACAACCAC,ATGAGGTCGTGCTCAAGTTTGAAATGGGCCATGTGAGAGCGAGGAACCTGGCCTATGACACCCTCCCGGTCCTGATCCATGGCAACGGGCCAACCAAGGTAGGGGGTCCCCAGCCCCTGGGGAGTGTGGGAGGGGGCCAGAGCCCTAATT
chr1:25245150|25247029:-,0.0,0.0,0.0,0.0,0.0,0.0,0.0,0.0,0.0,0.0,0.0,0.0,0.024747428102322385,0.0,0.0,0.0,0.0,0.0,0.0,0.01061603424155134,0.022523127197468903,0.0,0.0,0.0,0.0,0.016569580719510122,0.5081351372659721,"(0.0156, 0.0219]","rar_rep1,rar_rep2",rar_unique,CGAATGGAGCTGTTAGAAATAGCAAAAACCAATGCAGCGAAAGCTCTAGGAACAACCAACATTGACTTGCCAGCTAGTCTCAGAACTGTTCCTTCAGCCAAAGAAACAAGCCGTGGAATAGGTGTATCAAGTAATGGTGCAAAGCCTGAA,GAAGTCCTGAGTTGAGGCTTGCGGGATCCTTTCCGGAGAAAGCGCAGGCTAAAGCCGCAGGTGAAGATGTCCAACTACGTGAACGACATGTGGCCGGGCTCGCCGCAGGAGAAGGATTCGCCCTCGACCTCGCGGTCGGGCGGGTCCAGC
chr1:5977439|5986327:-,0.0,0.0,0.0,0.0,0.02670720007739533,0.0,0.0,0.0,0.0,0.0,0.0,0.0,0.014141387487041362,0.0,0.054551445743816054,0.02096166061964681,0.0,0.0,0.0,0.01061603424155134,0.045046254394937806,0.0,0.0,0.0,0.005498265341270952,0.02783114431824457,0.8747697137356119,"(0.0219, 0.0278]","rar_rep1,rar_rep2",rar_unique,GTGATGATGGCGCTCACCTAACAGAACTGCAGACTGTTTCGGAGACGCACTGAGCAGGTAACAGAGTAATTGCAAGTTGTGTTAAATTCTCAGGAGGAGACCGATAGGAGAACGTGGAGACCAATAGGAGAACGTGGAGACCTGCTTTAG,ATCATCCGGGAAGCCCACGGGACCCTCAGGCGGGCAGGATGAACGACTGGCACAGGATCTTCACCCAAAACGTGCTTGTCCCTCCCCACCCACAGAGAGCGCGCCAGCCTTGGAAGGAATCCACGGCATTCCAGTGTGTCCTCAAGTGGC
chr1:15567099|15569011:+,0.0,0.0,0.0,0.0,0.0,0.0,0.0,0.0,0.0,0.0,0.0,0.0,0.028282774974082724,0.0,0.025177590343299718,0.005240415154911702,0.0,0.0,0.0,0.01061603424155134,0.045046254394937806,0.0,0.0,0.0,0.0,0.02783114431824457,0.8747697137356119,"(0.0219, 0.0278]","rar_rep1,rar_rep2",rar_unique,CAGCCTTGAGACACGCTGTGAGCATCCCATCCGCCGCCCCAGCGCTGCTGGTAGCCAGGGGAGGGGTCTGCACAGCGAGAAGTACTGTGATGACTTTGAGCCGTTGACATGTATGTCTTCAGATGCCTTTCTGCCTCTGTCGATTTTAGG,CAAGATTCCTAAAAAAGGCTTTGTGGAGGTAACTGAACTCACAGATGTAACATACACCAGTAACTTGGTACGTCTGAGGCCAGGCCACATGAATGTGGTCCTCATCCTGTCGAATTCTACCAAGACCAGCCTACTACAGAAATTTGCTTT
chr1:29206762|29216685:-,0.0,0.0,0.0,0.0,0.0,0.0,0.0,0.0,0.0,0.0,0.0,0.0,0.05656554994816545,0.0,0.00419626505721662,0.010480830309823405,0.05457887865074026,0.0,0.0,0.03184810272465402,0.022523127197468903,0.0,0.0,0.0,0.005498265341270952,0.027185614961061463,0.24254567862877377,"(0.0219, 0.0278]","rar_rep1,rar_rep2",rar_unique,ACTCAGGAACCTGGCGGACCGAGGCTGTGTTCAGCGAGGAAGCACTGATCCAAGTTCCGAGTGACATCCCTCTTCAGAGCGCTGCCACCCTGGGTGTCAATCCCTGCACAGCCTACAGGATGTTGATGGACTTCGAGCAACTGCAGCCAG,ACTCAAGAACCTGGAGCTAGCTGCTGTGAGAGGATCAGATGTCCGTGTGAAGATGCTGGCGGCCCCTATCAATCCATCTGACATAAATATGATCCAAGGTAACCTTGGTTTCTGTGGCTTATGTTAATTGGCTTTTTTGTTCAGCTGCCA
chr1:39451052|39460794:+,0.0,0.0,0.005246174922056268,0.012423664347375594,0.005341440015479065,0.0,0.0,0.0,0.0,0.0,0.0,0.0,0.0035353468717603405,0.00678173434256572,0.0,0.0,0.0,0.0,0.0,0.04246413696620536,0.022523127197468903,0.0,0.0,0.0,0.0,0.03249363208183713,0.4339442016105798,"(0.0278, 0.0331]","rar_rep1,rar_rep2",rar_unique,CCAACTTTGACTTTGATGTCTGGAGGAAAAAGTATATGCGTTGGATGAATCACAAAAAGTCTCGAGTGATGGATTTCTTCCGGCGCATTGATAAGGACCAGGATGGGAAGATAACACGTCAGGAGTTTATCGATGGCATTTTAGCATCCA,GCAGCACAAGTTGGAGGAAGCCCTGCTCTTTTCGGGTCAGTTCATGGATGCTTTGCAGGCATTGGTTGACTGGTTATACAAGGTGGAGCCACAGCTGGCTGAGGACCAGCCCGTGCACGGGGACCTTGACCTCGTCATGAACCTCATGGA
chr1:178122548|178125501:+,0.0,0.0,0.0,0.0,0.0,0.0,0.0,0.0,0.0,0.0,0.0,0.0,0.035353468717603406,0.0,0.041962650572166194,0.2043761910415564,0.03820521505551818,0.0,0.0,0.02123206848310268,0.045046254394937806,0.0,0.0,0.0,0.0,0.033139161439020244,0.5081351372659721,"(0.0278, 0.0331]","rar_rep1,rar_rep2",rar_unique,TGCAACGTAGAATATATGCTTACTGTATTAGTCCACTTTGTGTTGCTGTGAAGGAATACCTGAGGCTGGGTAATTTATAAAGAGAAGAAGTTTAATTGTCTCAGAGTTCTTCAGGCTGTACAGGAAATGTGGTGCCGGCATCTGCTTCTG,AACATCAACTTAATGTGTGTCCAGGAAGAAAATAAATGAAGACTGATTCATGAACTGACTGTACTATTTGTTAGAGCCAAGTATGTTTGTGGTGCATGAAAATCTTTATCAAGGAGCTTGGATTTTCATAACCAGTAAAGTTTTTGTTTT
chr2:68144585|68155687:-,0.0,0.0,0.0,0.006211832173687797,0.005341440015479065,0.0,0.0,0.0,0.0,0.0,0.0,0.0,0.007070693743520681,0.0,0.0,0.0,0.04912099078566624,0.0,0.0,0.02123206848310268,0.045046254394937806,0.0,0.0,0.01798482418953098,0.0,0.033139161439020244,0.5081351372659721,"(0.0278, 0.0331]","rar_rep1,rar_rep2",rar_unique,AGCTGTGTTTGTTGTTTAGGAATTTAGAAGCTCCAGAGATGCCAGTATATTCTGTAAAGGGCCATAAAGAAATTATAAATGCCATAGATGGCATAGGTGGACTAGGAATTGGAGAAGGAGCACCTGAAATTGTGACTGGCAGCCGAGATG,GGATGGCGTAGCTCTGTCCCAGTCCGGAGTGCAGTGCTACTGTCATAGCTCATCGCAGCCTGGAACTCCTGGGCTCAAACCATCCTCCCGCCTCTCCCTCCCAAAGTGCTGGATCAGGTGTGAGCCACCATTAAAAAGAAAAGGTATTTA
chr1:7962763|7985135:+,0.0,0.0,0.020984699688225073,0.0,0.0,0.0,0.0,0.0,0.0,0.0,0.0,0.0,0.007070693743520681,0.0,0.03357012045773296,0.01572124546473511,0.0,0.0,0.0,0.0530801712077567,0.022523127197468903,0.0,0.0,0.0,0.0,0.0378016492026128,0.5715912794407082,"(0.0331, 0.0391]","rar_rep1,rar_rep2",rar_unique,ATTGTTGAAGCCCTGAATGGCAAGGAGGTGGCGGCTCAAGTGAAGGCTCCACTTGTTCTTAAAGACTAGAGCAGCGAACTGCGACGATCACTTAGAGAAACAGGCCGTTAGGAATCCATTCTCACTGTGTTCGCTCTAAACAAAACAGTG,GCTTGTAAACATATAACATAAAAATGGCTTCCAAAAGAGCTCTGGTCATCCTGGCTAAAGGAGCAGAGGAAATGGAGACGGTCATCCCTGTAGATGTCATGAGGCGAGCTGGGGTAAGTCCCACATCGATTTTTAGCCATTCCTGTTTTA
chr1:23030469|23059234:+,0.0,0.0,0.0,0.0,0.0,0.0,0.0,0.0,0.0,0.0,0.0,0.0,0.05303020307640511,0.0,0.02937385540051634,0.0,0.01637366359522208,0.0,0.0,0.03184810272465402,0.045046254394937806,0.0,0.0,0.0,0.0,0.038447178559795916,0.24273569335319678,"(0.0331, 0.0391]","rar_rep1,rar_rep2",rar_unique,TGGCTGTGGTCAGCAAACAAGTAAATATGGAACTGGCCAAGATCAAGCAAAAATGCCCACTTTATGAAGCCAACGGACAAGCTGTAAGTCGAGGACAAACAGAACTTTCAACATTTCTTTGGTTCACTTGAAAACAATTTTAGGAGAATG,GTAGAGTACAGAGAGATGGATGAAAGCTTGGCCAACCTCTCAGAAGATGAGTATTATTCAGAAGAAGAGAGAAATGCCAAAGCAGAGAAGGAAAAGAAGCTTCCCCCACCACCCCCTCAAGCCCCACCTGAGGAAGAAAATGAAAGTGAG
chr1:37835079|37840158:-,0.0,0.0,0.0,0.0,0.02136576006191626,0.0,0.0,0.0,0.0,0.0,0.0,0.0,0.017676734358801703,0.0,0.07133650597268253,0.03668290608438192,0.0,0.0,0.0,0.01061603424155134,0.0675693815924067,0.0,0.0,0.0,0.0,0.039092707916979025,1.030169058858454,"(0.0331, 0.0391]","rar_rep1,rar_rep2",rar_unique,GTTATTCTTGCAGGTGAAAGACCCTTCTTCTGCCCCAGTAATGGCTGTGAGAAAACATTCAGCACTCAATACAGTCTCAAAAGTCACATGAAAGGTCATGATAACAAAGGACACTCATACAATGCACTTCCACAACACAATGGATCAGAG,GTAAAGCGGTACCAATGTACCTTTGAGGGCTGTCCCCGCACCTACAGCACAGCAGGCAACCTGCGAACCCACCAGAAGACTCACCGAGGAGAGTACACCTTTGTCTGTAATCAGGAGGGCTGTGGCAAAGCCTTCCTTACCTCTTACAGC
chr1:42265115|42265912:-,0.0,0.0,0.0,0.0,0.005341440015479065,0.0,0.0,0.0,0.0,0.0,0.0,0.0,0.007070693743520681,0.0,0.00839253011443324,0.005240415154911702,0.0,0.0,0.0,0.0530801712077567,0.045046254394937806,0.0,0.0,0.0,0.0,0.049063212801347254,0.11578607949777117,"(0.0391, 0.0497]","rar_rep1,rar_rep2",rar_unique,TCTAATTCTGTTTTTAAATTTGGGTTATGTTTTTTGGATTTTATTGACCTTATGGCTTTTCTTCTTTAATTCCAGAATTCCATACGACATAATCTGTCATTGAACAAATGTTTCCTTAAAGTGCCTCGATCTAAGGATGACCCTGGAAAG,ACTCTGCAGGTTTCCAAGGGCATTTTCCTGCTACCCACCTTGGGTGTTCTTCCCTGCTACAATGAAGAATTTAGATGTTCTTCCCAGCTCCCTGTAGCCAGTATCTTTCCATGTGGTTTTCTTTTTTACAGATTGTGGTGAGAACCTAAT
chr1:77968165|77979059:-,0.0,0.0,0.0,0.0,0.005341440015479065,0.0,0.0,0.0,0.0,0.0,0.0,0.0,0.0035353468717603405,0.0,0.0,0.010480830309823405,0.0218315514602961,0.0,0.07677727687429264,0.03184810272465402,0.0675693815924067,0.0,0.0,0.0,0.0,0.04970874215853036,0.5081351372659721,"(0.0391, 0.0497]","rar_rep1,rar_rep2",rar_unique,CCATACCTTCAGATATTTCAATAAATGTTTATATTGTTATTTATTCTTGTTTGGGAGGGGAGAAGCTTTGTACTTAATTGGCAAAAAATTAAAAGACACTTAATTTTGCAGATCAACCAGATGCTAAGAAAGTTGCTCCTCAAAATGACT,CTGTTAGCTGAGAGGAAGTCTCTGAACAGGCGGCAGCGGCTCTTATAGTGCAACCATGGCAGACTATTCAACAGTGCCTCCCCCCTCTTCTGGCTCAGCTGGTGGCGGTGGTGGCGGCGGTGGTGGTGGAGGAGTTAACGACGCTTTCAA
chr1:92042823|92045660:+,0.0,0.0,0.0,0.0,0.0,0.0,0.0,0.0,0.0,0.0,0.0,0.0,0.09191901866576885,0.0,0.00419626505721662,0.0,0.0,0.0,0.0,0.0530801712077567,0.045046254394937806,0.0,0.0,0.0,0.0,0.049063212801347254,0.11578607949777117,"(0.0391, 0.0497]","rar_rep1,rar_rep2",rar_unique,ACATTTATTTCTTGTTTACAGGGTATAGCAAATGTGTTCTTATTGGCCATGACTGGGGGGGCATGATTGCTTGGCTAATTGCCATCTGTTATCCTGAAATGGTGATGAAGCTTATTGTTATTAACTTCCCTCATCCAAATGTATTTACAG,GTATTCTTGGCGTTACCAACTGAGAGAATTTAAAAGTGAATATCGAGTTGTAGCACTGGATTTGAGAGGTTATGGAGAAACAGATGCTCCCATTCATCGACAGAATTATAAATTGGATTGTCTAATTACAGATATAAAGGATATTTTAGA
chr1:45642427|45660377:-,0.0,0.0,0.0,0.0,0.0,0.0,0.0,0.0,0.0,0.0,0.0,0.0,0.007070693743520681,0.00339086717128286,0.0,0.0,0.0,0.0,0.0,0.03184810272465402,0.09009250878987561,0.0,0.0,0.0,0.0,0.060970305757264816,0.6754929958669877,"(0.0497, 0.061]","rar_rep1,rar_rep2",rar_unique,ATGGTGATGGCTACTTTGTGAAAAGTGCCAAAATGATCAGCTTTCTGTATCAACCATTCATATCCCTTTTTTCCTAGCCTTCCTTGAATCCAGAAGCTGGCAAACAGCATCAGCCATGCAGACCTATTGGGACACCTTCTGGAGTATGGG,GAACCAAATAGTTTAAGATGAGCAGTTGAGGGGACTGAGAGAGTGATCGACACAGAACCTGGCTTCTTCGTGCTTCATCATAAGTCGTGCTGCCGGCCAGGTTACTTAAGCACCCTTTTAACAAGGAAACCTTGTGGGAGATCCAGCTGG
chr1:54865303|54883773:-,0.0,0.0,0.0,0.0,0.0,0.0,0.0,0.0,0.0,0.0,0.0,0.0,0.010606040615281023,0.0,0.00839253011443324,0.005240415154911702,0.0,0.0,0.0,0.0530801712077567,0.0675693815924067,0.0,0.0,0.0,0.0,0.0603247764000817,0.16983766088208302,"(0.0497, 0.061]","rar_rep1,rar_rep2",rar_unique,TTTCAGCTGAATAGCATTGGCAATTACTACAAGCCGTGGTTCTTTAAGCATGTGGAGAACTATCTGAAGACAAACCGAGAGGGCCTGGAGTACATTCCCTTGAGACACTACTACCACCGCCACACGCGCAGCATCTTCTGGGAGCTCCAG,GTGCGGGAATGGAAGGAGCAGGGTAGCAAGACCTTCATGTGCACGGGGCGCCCTGGCTGGCTCACTGTCTCACTACGTGTCGGGAAGTACAAGAAGACACACAAAAACATCATGATCAACCTGATGGACATTCTGGAAGTGGACACCAAG
chr1:151262161|151267339:+,0.0,0.0,0.0,0.006211832173687797,0.0,0.0,0.0,0.0,0.0,0.0,0.0,0.0,0.10252505928104988,0.0,0.06294397585824929,0.18341453042190958,0.0873262058411844,0.0,0.0,0.03184810272465402,0.09009250878987561,0.0,0.0,0.0,0.0,0.060970305757264816,0.6754929958669877,"(0.0497, 0.061]","rar_rep1,rar_rep2",rar_unique,CGTGATGCAGGACCCCGAGTTCCTTCAGAGTGTCCTAGAGAACCTCCCAGGTGTGGATCCCAACAATGAAGCCATTCGAAATGCTATGGGCTCCCTGGCCTCCCAGGCCACCAAGGACGGCAAGAAGGACAAGAAGGAGGAAGACAAGAA,TGTGGACAACAGTGAGTATATGCGGAATGGAGACTTCTTACCCACCAGGCTGCAGGCCCAGCAGGATGCTGTCAACATAGTTTGTCATTCAAAGACCCGCAGCAACCCTGAGAACAACGTGGGCCTTATCACACTGGCTAAGTATGGGGG
chr1:225119220|225123614:+,0.0,0.0,0.0,0.031059160868438983,0.016024320046437196,0.0,0.0,0.0,0.0,0.0,0.0,0.0,0.0035353468717603405,0.0,0.00839253011443324,0.02096166061964681,0.0,0.0,0.0,0.0530801712077567,0.11261563598734453,0.0,0.0,0.0,0.016494796023812857,0.08284790359755062,0.5081351372659721,"(0.061, 0.0828]","rar_rep1,rar_rep2",rar_unique,CATTAAATGGCCACAATCAATGATTAAGTATAAATAACATAAATAAATTTTTTAATTTGTAGATTTTTAAGTCAAGGGATTGAAGACTGGAACTGCCAGATGTTTTCCCAATGGGTGTTATCTCATCCAGGACAAGTGGTACTTACTGTG,GAAAATTCGTGTAAGAAGTGCTGTAGAACAGTGGCTGGTAAATGTAGAAAAAAGCATGTTCGATGTGCTAAAAAAGTAAGTACAATTTTCAAATCCTAAAATTATATATTTTATATATATACTTGCACATATATATATACACACACATTT
chr2:219608047|219609540:+,0.0,0.0,0.031477049532337605,0.018635496521063392,0.03204864009287439,0.0,0.0,0.0,0.0,0.0,0.0,0.0,0.024747428102322385,0.023736070198980018,0.0,0.010480830309823405,0.01637366359522208,0.0,0.0,0.0530801712077567,0.11261563598734453,0.0,0.0,0.0,0.0,0.08284790359755062,0.5081351372659721,"(0.061, 0.0828]","rar_rep1,rar_rep2",rar_unique,CCAATGTGGCTCGGGAACAGCTTGGGGAGGCCAGGGACCTCCTGCTGGGTAGATTCCAGTGTCTACGCTGTGGCCATGAGTTCAAGCCAGAGGAGCCCAGGATGGGATTAGACAGTGAGGAAGGCTGGAGGCCTCTGTTCCAAAAGACAG,GATGGTTCGTGCAGCAGCACCCGGAGCTGGAGCTCATGAGCAGCTTCCGGGAACGGTTCGGCCGCAACTGGCTGCAGTACAGGAGTCACCTGGAGCCCTCCGGAAACCCTCTGCCGGCCACCCCCACTACTTCTGCACCCAGTGCACCTC
chr4:102304317|102315739:-,0.0,0.0,0.010492349844112537,0.018635496521063392,0.016024320046437196,0.0,0.0,0.0,0.0,0.0,0.0,0.0,0.07070693743520681,0.0,0.07133650597268253,0.06288498185894044,0.01637366359522208,0.0,0.0,0.07431223969085939,0.09009250878987561,0.0,0.0,0.0,0.0,0.0822023742403675,0.13574225065853787,"(0.061, 0.0828]","rar_rep1,rar_rep2",rar_unique,TTTGGAAATGATAACTTTGGTCCTCAAGAAAAAACTCATCAACCTAAAGCATTACCTGCCATCAATGGTGTGACATGCTATGCAAATCCTGCTGTCACAGAAGCTAATGGACATATCCATTTTGATAATGTCAGTGTGGTATCTCTACAG,TCTTACAGCAATTGAACTTTCACCCATGTGAGGATCGGCCCAAGCACAAAACAAGACCAAGTCATTCAGAAGGTATATTAGAAGCATTTTTTCTCTTTTATTTGAAAAGTCTATGAACCATTGTGAAATGAAGTTAATATGCCTCTTTTT
chr18:79728907|79736521:+,0.0,0.0,0.0,0.006211832173687797,0.0,0.0,0.0,0.0,0.0,0.0,0.0,0.0,0.1202017936398516,0.0,0.09231783125876562,0.08384664247858724,0.03820521505551818,0.0,0.03838863843714632,0.04246413696620536,0.6306475615291293,0.0,0.01913151932348499,0.0,0.005498265341270952,0.3365558492476673,1.2357785164622341,"(0.0828, 0.364]","rar_rep1,rar_rep2",rar_unique,AGAAGGCAGCGACGACAGCGACAGCGAGAAGAGGAGGCCTGAGGAGCAGGAGGAGGAGCCCCAGCCCCGGAAGCCAGGGACCCGCAGGGAGCGGACGCTCGGGGCACCTGCGTCCAGCGAGAGGAGCGCGGCAGGGGGCCGGGGGCCCAG,AGCGGTTCCGCCACCCCAGCCGCAGATGTTTGGTGAAGAGCTGCCTGACGCTCAGGACGGAGAGCAGCCTGGCCCTTCTAGAAGAAAGCGACAGCCCAGTATGTCTGAGACAATGCCGCTGTACACTCTTTGTAAGGAGGATTTAGAGAG
chr17:46082441|46094701:-,0.0,0.049782158253697646,0.49838661759534536,0.0,0.0,1.3715615181333982,0.005559694377373218,0.0,0.0,0.0,0.0,0.0,0.0,0.06442647625437434,0.0,0.08384664247858724,0.11461564516655455,0.013415838054199046,1.9962091987316088,0.14862447938171877,0.5180319255417849,0.01537057660935163,0.0,0.05395447256859295,0.010996530682541904,0.3333282024617518,0.7836435929256846,"(0.0828, 0.364]","rar_rep1,rar_rep2",rar_unique,AAGTTTATACTGCTCACTTATGCTATTTTTCTCCTCTCTATCCTGCAGGGGTTGATAGTTCTTGGGGAGGTACCTCCCCCAGAGCATACAACAGACTTATTTCTTCCACTTAGTTCTGAGGTGAAGACAGATCATGGGACTGATAAATTG,GAGACGCAGGTCAGAATGGAAATGGGCTGCAGACCGGGCAGCTATTGTCAGCCGCTGGAACTGGCTTCAGGCTCATGTTTCTGACTTGGAATATCGAATTCGTCAGCAAACAGACATTTACAAACAGATACGTGCTAATAAGGTAAGGGA
chr1:246327201|246335474:-,0.0,0.0,0.3777245943880513,0.0,0.6249484818110507,0.38237472626749286,0.0,0.0,0.0,0.0,0.0,0.0,0.0,0.0,0.0,0.0,0.0,0.0,0.0,0.25478482179723216,0.472985671146847,0.04611172982805489,0.0,0.0,0.010996530682541904,0.36388524647203957,0.42401087082169575,"(0.0828, 0.364]","rar_rep1,rar_rep2",rar_unique,,
chr1:1789053|1825499:-,0.0,0.0,0.0,0.0,0.0,0.0,0.0,0.019815100933863912,0.0,0.0,0.0,0.0,0.007070693743520681,0.0,0.0,0.0,0.0,0.0,0.0,0.0,0.1351387631848134,0.0,0.0,0.0,0.0,0.019815100933863912,,"(0.008910000000000001, 0.0198]",arr,arr_unique,GTGCTGACCAGGAGCTCATGACTTACTCCCATGACAACATCATCTGCGGGATCACCTCTGTCTCCTTCTCCAAGAGCGGGCGCCTCCTCCTTGCTGGGTACGACGACTTCAACTGCAACGTCTGGGATGCACTCAAAGCCGACCGGGCAG,ATCTCACATTCTTGAAGGTGGCATTGAAGAGCACTAAGATCGGAAGATGAGTGAGCTTGACCAGTTACGGCAGGAGGCCGAGCAACTTAAGAACCAGATTCGAGTATGTAGTTGTGTGTGCTTGGTTTTATTAATCATTTGAGTTTCAGG
chr1:2393208|2400935:+,0.0,0.0,0.0,0.0,0.0,0.0,0.0,0.009907550466931956,0.0,0.0,0.0,0.0,0.007070693743520681,0.00339086717128286,0.0,0.0,0.0,0.0,0.0,0.0,0.0,0.0,0.0,0.0,0.005498265341270952,0.009907550466931956,,"(0.008910000000000001, 0.0198]",arr,arr_unique,TGAGGGGAAAAGGTAGAACTGTGATGGGAATGAAAAGAGGTGCCCTCCCTGATGGTTGCTCTGCCTTACAGATGACGGTCCTTCGCTACCCACCAAACAGAACGAGGAATTCCGCCCCTTCATTCGAAGGCTCCCAGAGTTTAAATTTTG,GCATAAAGCAGTCACCTTCAACAGGTAATTGATGGGCTGTCTACTATGTAATGGACTTCCAGGTGGCAGGGCCCAGCCCCGAACCAGACAAGGGACCCCTCAAGGAGCTTCATTCTAGCAGGAGAAAATTGAGAAGTAAACCAGAAAGGT
chr1:3736926|3746186:-,0.0,0.0,0.0,0.006211832173687797,0.0,0.0,0.0,0.009907550466931956,0.0,0.0,0.0,0.0,0.017676734358801703,0.00678173434256572,0.0,0.0,0.0,0.0,0.0,0.0,0.022523127197468903,0.0,0.01913151932348499,0.01798482418953098,0.005498265341270952,0.009907550466931956,,"(0.008910000000000001, 0.0198]",arr,arr_unique,CTATGTGGCACCCTCTTGCCGAGGGAACATCCAGAATCCCTCCACTTCCTGTCTAGTTTGAGGCCTCAACACCTTCATGATCCAGAGTCCTGCGGCTATGAGGGGGTGGGCCCACCACCGCCCAGCCCTCCTTGGTGGACGTGGGGACAG,CTCAGCCGCCTCGGATCTCGCTGCCACCAGCCTTACTGCACACCCGTGCCACCCGCCCTTGCCCCGTCAGCCTCAGCCTCAGCTCATTCTCTCAGGCAGTCCCAGCATTGGCACGGTACCTCCTCCCGCTGTGGGCCACACGTCTCTGCT
chr1:5927649|5948251:-,0.0,0.0,0.057707924142618945,0.012423664347375594,0.005341440015479065,0.0,0.0,0.029722651400795864,0.0,0.0,0.0,0.0,0.024747428102322385,0.01356346868513144,0.0,0.0,0.03820521505551818,0.0,0.0,0.0,0.09009250878987561,0.0,0.0,0.01798482418953098,0.0,0.029722651400795864,,"(0.0198, 0.0297]",arr,arr_unique,GTCCATTGCAGGTGAAGCAGGTGGAGTCGGGTACACTCCGGTTCCAGTTCTCGCTGGGCTCAGAAGAACACCTGGATGCACCCACGGAGCCTGTCAGTGGCCCCAAAGTGGAGCGGCGGCCTTCCAGGAAACCACCCACGTCCCCTTCGA,GGATGTGGCCCACTGGACGGTGGTGCCCTGGAGATCCTGGAGCGGCGCCTGCGTGTGGGCGTGCACAATGGTCTGGGCTTCGTGCAGAGGCCGCAGGTCGTTGTACTGGTGCCTGAGATGGATGTGGCCTTGACGCGCTCAGCTAGCTTC
chr1:5927649|5986232:-,0.0,0.0,0.0,0.031059160868438983,0.0,0.0,0.0,0.029722651400795864,0.0,0.0,0.0,0.0,0.007070693743520681,0.00678173434256572,0.0,0.005240415154911702,0.01637366359522208,0.006707919027099523,0.0,0.0,0.045046254394937806,0.0,0.0,0.0,0.010996530682541904,0.029722651400795864,,"(0.0198, 0.0297]",arr,arr_unique,GTCCATTGCAGGTGAAGCAGGTGGAGTCGGGTACACTCCGGTTCCAGTTCTCGCTGGGCTCAGAAGAACACCTGGATGCACCCACGGAGCCTGTCAGTGGCCCCAAAGTGGAGCGGCGGCCTTCCAGGAAACCACCCACGTCCCCTTCGA,AGAGCGCGCCAGCCTTGGAAGGAATCCACGGCATTCCAGTGTGTCCTCAAGTGGCTGGACGGACCGGTAATTAGGCAGGTAACAAAATGTGCTGTTAGCAAATGCGTGTTATTGCTCTTAGCTGACATGAGGCTTCCAGTTAACAGATGG
chr1:6820181|6828434:+,0.0,0.0,0.0,0.006211832173687797,0.0,0.0,0.0,0.029722651400795864,0.0,0.0,0.0,0.0,0.045959509332884424,0.01356346868513144,0.0,0.0,0.0,0.0,0.0,0.0,0.0,0.0,0.0,0.0,0.0,0.029722651400795864,,"(0.0198, 0.0297]",arr,arr_unique,CCTTTTTTTTTTTTTTTTTTTTTTTTGAGGTGGAGTCTCACTCTTTCACCAGGCTGGAGTGCAGTGGCATGATCTTGGCTCACTGCAACCTCCGCCTCCCGGGTTCAAGCGGTTCTCCTGCCTCAGTTTCCCAAGTAGCTGGGACTACAG,AGCGTTTCCCAAAGTGTATTCTGCGGAACTAGCACCTACTGTGTTCTCAACACCGTGCCACCTATAGAAGGTAGGATTTGAAAAAGCTTTTGACTTACAGGAAGGGGTGGGCTTGGCAGTGGCAGTAATTATCATCTAGTACAGTGGAAA
chr1:20950003|21050994:-,0.0,0.0,0.0,0.0,0.0,0.0,0.0,0.039630201867727824,0.0,0.0,0.0,0.0,0.021212081230562046,0.0,0.0,0.010480830309823405,0.01091577573014805,0.0,0.0,0.0,0.0675693815924067,0.0,0.0,0.0,0.0,0.039630201867727824,,"(0.0297, 0.0396]",arr,arr_unique,CGCACGCTCATTATCACCCTTTTTTGTACTTCAAATCCCAGCAGCTGCCCAGCCAGGTCCCCGAGCACAGCCCTGTGGTTTATGGGACTGTGGAGAGCGCTCATCTTGCTGCCAGCACCCCTGTCACTGCAGCTAGCGACCAGAAGCAAG,GTAACACAAGTGGCAAGACAGCCGGGAACCCCTACCCCATCCCCTTATTCAGCACATGAAATAAACAAGGGGCATCCAAATCTTGCGGCAACGCCCCCGGGACATGCATCGTCCCCTGGACTCTCTCAAGTAAGATAAACCTTTTTTAAA
chr1:29097807|29115803:+,0.0,0.0,0.0,0.031059160868438983,0.0,0.0,0.0,0.039630201867727824,0.0,0.0,0.0,0.0,0.05656554994816545,0.00678173434256572,0.0,0.01572124546473511,0.02728943932537013,0.0,0.0,0.0,0.0,0.0,0.0,0.0,0.0,0.039630201867727824,,"(0.0297, 0.0396]",arr,arr_unique,TCAGGCTATTTTCTGCCTCATTGCCCTTGTTTCTGTCTTTTGTAGGTCCTTGTACAAGCCATCAAGGAGGCAAAGGAGCAGCACCCAGACATGTCAGTGACCAAGGTGGTCGTCCACCAGGAGACCGAGATTGCTGATGAGTGAGCTCAG,CCTCCCCTGGTGAAGACACAAACTGTCACCATCTCAGATAATGCCAATGCTGTGAAAAGTGAAATCCCAACCAAAGACGTCCCTATTGTCCACACTGAGACCAAGACCATCACTTATGAGGCTGCCCAGGTAGGACATGTTTTGATGCTT
chr1:32224410|32229024:+,0.0,0.0,0.0,0.006211832173687797,0.0,0.0,0.0,0.039630201867727824,0.0,0.0,0.0,0.0,0.017676734358801703,0.05764474191180862,0.0,0.05764456670402873,0.060036766515814285,0.006707919027099523,0.0,0.0,0.022523127197468903,0.0,0.0,0.0,0.0,0.039630201867727824,,"(0.0297, 0.0396]",arr,arr_unique,GCTTGTCCAGAAGTTGGGCTACAACATTGTGGGGGAAATGATGTCAGGCAGAGAGGAGATGCCCAGAGGAGTGACAAAGCTGGAAGGATTGAATAGCCCCAGGGCAGCCAGCAGGAGGTGGCAGAAGTGTCTGATCATCCCCTACCTTTG,GGGACACCAAGCATGTCCTCACTGGCTCAGCTGACAACAGCTGTCGTCTCTGGGACTGTGAAACAGGTAAGCTGGGTTCATTCACCTTTTTAGCAAATATTGAGGACCTACAGTGTACCTGTTTGAGTAAACAGGTCCTAGGAAAATAGA
chr1:10121962|10135186:+,0.0,0.0,0.0,0.0,0.0,0.0,0.0,0.049537752334659776,0.0,0.0,0.0,0.0,0.017676734358801703,0.0,0.01678506022886648,0.04716373639420532,0.005457887865074025,0.0,0.0,0.0,0.0,0.0,0.0,0.0,0.0,0.049537752334659776,,"(0.0396, 0.0594]",arr,arr_unique,GGGTACTGCAGCAGCTAAGTACAAAAATCAAGTTAGAAACAGTTGATCCCACGTATATTTTTCACCCAAGATGTCGGATTACTCTTCCCAATGATGAGACGCGTGTGAATGCAACGATGGAAGATGTGAATGACTGGCTGACTGAACTCT,GTCCTTGCAGCAGCCGTCCTTCCTAGTGCCGTATATGCTGTGTAGGAATCTCCCATATGGCTTCATTCAGGAACTGGTGAGAACCACTCACCAGGATGAAGAAGTGTTCAAGCAGGTACGGTCGTATGAGTTTGCTCTTGCAAATTTTAG
chr1:15534237|15562325:+,0.0,0.0,0.0,0.02484732869475119,0.0,0.0,0.0,0.049537752334659776,0.0,0.0,0.0,0.0,0.010606040615281023,0.0,0.0,0.03144249092947022,0.01091577573014805,0.0,0.0,0.01061603424155134,0.0,0.0,0.0,0.0,0.0,0.049537752334659776,,"(0.0396, 0.0594]",arr,arr_unique,AAGTTGAGCAAACCCTTTGAGGCTTTCCTGTCCTTTGCCCTGGCAAACACTCAAGACACAGTGAGATTTGTGCATGTCTACAGCAATCGGCAGCAGGAGTTTGCCGACACCTTACTACCAGACAGTGAGGCGTTTCAAGGGAAATCAGCG,GCATCCTGACAAAAACAAAGATCCTGGAGCAGAAGACAAGTTCATTCAAATCAGTAAGGCTTACGAGGTATCGTGTCCAGCTTTGTGATGCATCCATTAGCTCTTACAAAATATGCCTTAGGAGGTGATGAGTTTTGTAAAGTTGTCAGA
chr1:16625775|16633346:-,0.0,0.0,0.0,0.012423664347375594,0.005341440015479065,0.0,0.0,0.049537752334659776,0.0,0.0,0.0,0.0,0.028282774974082724,0.0,0.0,0.0,0.01637366359522208,0.0,0.0,0.0,0.022523127197468903,0.0,0.0,0.0,0.0,0.049537752334659776,,"(0.0396, 0.0594]",arr,arr_unique,TGGCTGGAGGAGCTGTGGTTGGAGCAGGAGGTGGCACGGCAGGGCCTGGAGGGCTCCCTATGAGTGGCGGAGCAGGCCCAGGAGGCGCTGGAGCAACAGCTCCCCACACTGCACCATGAGCTCAGTTGGCTGCAGGAGCAGCTAGCACAG,GGACCCGCTGCAGCTGGGAGGGGAGCTGTCCAGGAGGCCGGCCTGGGAATGAGCACAGGCCTGCGGCTGGCAGAGAGCCGGGTCGAGCCAGCCCTGGAGAAGCAGGCCCAGCTGGAGGAGCAGCTGCGGGACAAGGTGCTCCACGAGAAG
chr1:2393270|2400935:+,0.0,0.0,0.0,0.012423664347375594,0.02136576006191626,0.0,0.0,0.06935285326852368,0.0,0.0,0.0,0.0,0.017676734358801703,0.0,0.00419626505721662,0.005240415154911702,0.005457887865074025,0.0,0.03838863843714632,0.02123206848310268,0.0,0.0,0.0,0.0,0.0,0.06935285326852368,,"(0.0594, 0.0793]",arr,arr_unique,TGAGGGGAAAAGGTAGAACTGTGATGGGAATGAAAAGAGGTGCCCTCCCTGATGGTTGCTCTGCCTTACAGATGACGGTCCTTCGCTACCCACCAAACAGAACGAGGAATTCCGCCCCTTCATTCGAAGGCTCCCAGAGTTTAAATTTTG,GTGGCAGGGCCCAGCCCCGAACCAGACAAGGGACCCCTCAAGGAGCTTCATTCTAGCAGGAGAAAATTGAGAAGTAAACCAGAAAGGTATCAGGAAACAGTTGTACACAAAATAAAAATAGGGTGATGTGATGTAAGGGACTGGGGGTCA
chr1:8862887|8867250:-,0.0,0.0,0.0,0.0,0.0,0.19118736313374643,0.0,0.06935285326852368,0.0,0.0,0.0,0.0,0.035353468717603406,0.0,0.0,0.0,0.0218315514602961,0.0,0.0,0.01061603424155134,0.0,0.0,0.0,0.0,0.0,0.06935285326852368,,"(0.0594, 0.0793]",arr,arr_unique,GAAATTCTCTCTCTGACACCACACCCTCTCCCTGCCAGAAATGCCTGCAAAGCTTGTCCGCTGTAAGCAAATGGCCTTTCTTTTCTCCTAGATCAAGACTGGTGCCCCTTGCCGATCTGAGCGCTTGGCCAAGTACAACCAGCTCCTCAG,CTAAGTTTGGTGCGAACGCCATTCTGGGGGTGTCCCTTGCCGTCTGCAAAGCTGGTGCCGTTGAGAAGGGGGTCCCCCTGTACCGCCACATCGCTGACTTGGCTGGCAACTCTGAAGTCATCCTGCCAGTCCCGGTGAGTGGTTTATTGG
chr1:10095461|10130813:+,0.0,0.0,0.0,0.0,0.0,0.0,0.0,0.06935285326852368,0.0,0.0,0.0,0.0,0.014141387487041362,0.0,0.012588795171649859,0.026202075774558516,0.0,0.0,0.0,0.0,0.0,0.0,0.0,0.0,0.0,0.06935285326852368,,"(0.0594, 0.0793]",arr,arr_unique,TTTCCCAAATGTGCATTATATGTTGACTGCATTTTTTCCTTCTCTTTCCAGGTTAAAGTGGTTGAAAAATACTTCTCAGGGCCTGCCATTACCCTGGAAAACACTCGTGTGGTTAGCCAATCATTGCAGCATTACTTAGAGCTCGGAAGG,GAGTAGCCCATCGAAGCCAGAGCAGTGAAGGAGTCAGTTCTCTCAGCAGCTCGCCCTCTAATAGCCTTGAAACGCAATCTCAGTCTCTCTCACGTTCCCAGAGCATGGATATCGATGGTGTCTCATGTGAGAAAAGGTAAAATGAAGCCA
chr1:6644558|6681037:-,0.0,0.0,0.010492349844112537,0.0,0.0,0.0,0.0,0.09907550466931955,0.0,0.0,0.0,0.0,0.028282774974082724,0.0,0.0,0.0,0.0,0.0,0.0,0.0,0.0,0.0,0.0,0.0,0.0,0.09907550466931955,,"(0.0793, 0.119]",arr,arr_unique,GGCACAGGCACAGACCGCGTTCTCTCCCTGCAGAGCAGGCTTCTTTGGGACGGTGGTGGAGTACGGAGCTGAGAGGAAGATCTCCAGGCACAGCGTTTTGGGTGCAGCTGTCAGCGTTGGAGTTCCACAGGGTGTTTCTCTCAAAGTCAA,GCCTCTTCTGAAGAGCTGAAAGCTGCCTACCGGAGGCTCTGTATGCTCTACCATCCAGACAAGCACAGAGACCCAGAGCTCAAGTCACAGGCGGAACGACTGTTTAACCTTGTTCACCAGGCTTATGAAGGTCAGTGGAGGGCCGGACTT
chr1:32074951|32100562:+,0.0,0.0,0.0,0.006211832173687797,0.03204864009287439,0.0,0.0,0.11889060560318346,0.0,0.0,0.0,0.0,0.08838367179400852,0.0,0.00419626505721662,0.07336581216876384,0.02728943932537013,0.0,0.0,0.0,0.09009250878987561,0.0,0.01913151932348499,0.0,0.0,0.11889060560318346,,"(0.0793, 0.119]",arr,arr_unique,TAAGGGGCACCATTGAACTGTGCCCCCAGGTGGACTGAAGAATGCATGTGGCCGCAGGGCGTGCTGGTGAAGCACAGCAAGAACGTCTACAAAGCCGTAGGCCACTACAACGTGGCTATCCCCTCTGACGTCTCCCACTTCCGCTTCCAT,GAGGACGAAGAGGTCCCAACAGGACATCTTACTGTCGAAATCCGCTCTGTGAGCCGGGATCCTCGGGGGGCTCTAGTGGAAGCCACACTTCCAGTGCATCGGTGACCAGTGTTCGTTCCCGCACCAGGTAAACCACCTCTCTGTCTCACC
chr1:32651914|32672901:+,0.0,0.0,0.0,0.0,0.0,0.0,0.0,0.11889060560318346,0.0,0.0,0.0,0.0,0.021212081230562046,0.0,0.012588795171649859,0.26726117290049684,0.12553142089670258,0.0,0.0,0.0,0.0,0.0,0.0,0.0,0.0,0.11889060560318346,,"(0.0793, 0.119]",arr,arr_unique,TATCTGCATTTCACCTCTTTGTTTTCTTCCCTCTTTCAGTTTATTCATGGTGGTCATACTGCCAAGATATCTGATTTCTCCTGGAATCCCAATGAACCTTGGGTGATTTGTTCTGTATCAGAAGACAATATCATGCAAGTGTGGCAAATG,CAGCCTTCGACGACGCAGTGGAAGAACGAGTGATCAACGAGGAATACAAAATATGGAAAAAGAACACCCCTTTTCTTTATGATTTGGTGATGACCCATGCTCTGGAGTGGCCCAGCCTAACTGCCCAGTGGCTTCCAGATGTAACCAGGT
chr19:18537601|18538433:-,0.0,0.049782158253697646,0.3882169442321638,0.5342175669371506,0.0,0.23274983338021302,0.0,1.2087211569656986,0.0,0.0076292344635408415,0.0,0.0,0.25454497476674454,0.0,0.25177590343299716,0.09956788794332234,0.1691945238172948,0.006707919027099523,1.1516591531143896,0.2441687875556808,0.0,0.0,0.0,0.0,0.0,1.2087211569656986,,"(0.119, 1.209]",arr,arr_unique,GCACAGCTCCTGCAGTTGAAGGTGAAGTGTCTGAACAACCTGGCGGCCTCGCAGCTGAAGCTCGACCACTACCGCGCAGCCCTGCGCTCCTGCAGCCTTGTGCTGGAGCACCAGCCAGACAACATCAAGGCTCTCTTCCGCAAGGGCAAG,GAGCCCATACATCCCCCCGCACGCGGCCCTGTGCCTGGAGGTGACCCTGAAGACGGCTGTGGACGGGCCTGACCTGGAGATGCTCACGGGGCAGGAGCGCGTGGCCCTGGCCAACCGGAAGCGGGAGTGCGGCAACGCCCACTACCAGCG
chr3:195878253|195888606:-,0.0,0.0,0.11541584828523789,0.22983779042644847,0.1388774404024557,0.0,0.0,0.4557473214788699,0.0,0.0,0.0,0.0,0.0,0.047472140397960036,0.0,0.12052954856296916,0.14190508449192465,0.013415838054199046,0.0,0.1061603424155134,0.0,0.03074115321870326,0.0,0.0,0.016494796023812857,0.4557473214788699,,"(0.119, 1.209]",arr,arr_unique,AGGGGCTACCCAGGCGTCAGTCCCAGAGTTGGCCACGACCTTCCTCTTCCTCCAGGCCCAGCCCACAGACATGCGGGCCCTTCAGGACTTTGAGGAACCGGACAAGCTGCACATCCAGATGAATGATGTCATCACCGTCATCGAGGGAAG,AGGCTGGGAGGCGGCAGAATGCAGCCAGAGGAGGGCACAGGCTGGCTGCTGGAGCTGCTGTCCGAGGTGCAGCTGCAACAGTACTTCCTGCGGCTCCGAGATGACCTCAACGTCACCCGCCTGTCCCACTTTGAGTACGTCAAGAATGAG
chr4:168668190|168691292:+,0.0,0.0,0.031477049532337605,0.09938931477900476,0.05341440015479066,0.0,0.0,0.44583977101193795,0.0,0.0,0.0,0.0,0.0,0.01017260151384858,0.0,0.0,0.0,0.0,0.0,0.0,0.0,0.0,0.0,0.0,0.0,0.44583977101193795,,"(0.119, 1.209]",arr,arr_unique,GACTGTAACATTTCTTCAGACATGTCCTAGACAAGGTAATGGAAAGGAACAAGTAGGTTTTTTTTAATTAAATGGAACCCCATTCTAATACTTTGTTCTAATTTATTTTTTTCATGTGGCAAACAGAACCTAGATCTACAGCTGAACCTG,ATGGTTCTGTGAAGGGAAAGAACTGCACAACACTCCTGATATTCAAATCCACTGTGAGGGAGGGGACCTCCATACCCTGATCATAGCAGAGGCCTTTGAGGACGACACAGGTCGCTACACCTGTTTGGCTACGAATCCCAGCGGCTCAGA
chr3:41681508|41754488:-,0.0,0.0,0.0,0.0,0.0,0.0,0.0,0.06935285326852368,0.0,0.0,0.0,0.0,0.10959575302457056,0.02712693737026288,0.10910289148763211,0.07860622732367555,0.0218315514602961,0.0,0.3838863843714632,0.0530801712077567,0.045046254394937806,0.0,0.0,0.0,0.0,0.043387015389873315,0.8985301976537258,"(0.008029999999999999, 0.0434]","rar11_rep2,rar11_rep1,rar_rep1,rar_rep2,rz_rep1,rz-EV,arr",common_only_enrich,TCAAGTGGAGTGGAGACTCTTTAGCTTGCGGTTGCTCTCAGAAACCACATCTCTACTCGTGAACCAGGAGTTTGGGGATGGCAAGGAGAAGGCCAGTGTTGATTCTGACAGCAATCTTCTGGCTCTCATTCGAGATGTCTTACTTCCCCA,GGTTTTGTCTCCACAATTATCCGTTTACTTGACAGCCCCTCAACATGCATTAGAGCAAAAGCCTTCCTGGTTCTTCTATATATTTTGATTTATAACCGTGAGATGTTGCTGCTCAGTTGCCAAGCAAGGTAAGATTTTCTCTGATGGTTT
chr3:93995874|93997136:+,0.0,0.0,0.026230874610281337,0.0,0.01068288003095813,0.0,0.0,0.039630201867727824,0.00663533311966676,0.0,0.0,0.0,0.035353468717603406,0.00678173434256572,0.025177590343299718,0.04716373639420532,0.005457887865074025,0.0,0.0,0.02123206848310268,0.18018501757975122,0.03074115321870326,0.0,0.0,0.0,0.043392537976450055,1.4247389593962467,"(0.008029999999999999, 0.0434]","rar11_rep2,rar11_rep1,rar_rep1,rar_rep2,rz_rep1,rz-EV,arr",common_only_enrich,ATGTGAACTGCACATGCAAGAGATCTAGGTTATGTGCTCCTTATGAGAATCTAATGCCTAATGATCTGTCACTGCCTCCCATCACCCCCCCAGATGGGACCATCTAGTTGCAGGAAAACAAGCTTGGGGTCCCACTGATTGTACATTATG,AAAGGTGACTCTTTTGATGGTGGGACTTGATAATGCTGGTAAAACCGCAACAGCAAAGGGAATCCAAGGAGGTAAGCTGAAAACATTTATGTGCTTTCTGAACTCTATTAAATTATTCTGAATTATTTATTTTGTTAAGTTGCTTTATTC
chr17:61884901|61904585:-,0.0,0.0,0.0,0.006211832173687797,0.01068288003095813,0.0,0.0,0.049537752334659776,0.0,0.0,0.0,0.0,0.04949485620464477,0.01356346868513144,0.16365433723144818,0.08384664247858724,0.05457887865074026,0.0,0.0,0.03184810272465402,0.045046254394937806,0.0,0.0,0.0,0.0,0.04337855933869018,1.307196602366735,"(0.008029999999999999, 0.0434]","rar11_rep2,rar11_rep1,rar_rep1,rar_rep2,rz_rep1,rz-EV,arr",common_only_enrich,TGTTTCTGGACATTTTATTTATTTTACACTTTTTATCTTTGATAGCTGCCATGCAAAGAAAGCCCAAATCATATTCTTCTTCTTTAATGGATCAGATTCCTATCAAATTCCTTATTCGACAGGCTCAAGGGCTGCAGCAGGAGTTGGGAG,ACCAACTGAAGAAGAAGCTGAGCAATTACTGCAGTTGATGACGAGCCGTCCTCCTGCTACGCCAGCTGGGGTTCGCTTTGTTTCACTTTCCTTTTGTATGCTACTGGCCTTTTCTACACTTGTCAGGTACCTAACTATATAAGTTGCTCC
chr5:72861808|72875737:+,0.0,0.0,0.23083169657047578,0.04969465738950238,0.05341440015479066,0.23274983338021302,0.0,0.029722651400795864,0.0,0.0,0.0,0.0,0.1308078342551326,0.047472140397960036,0.17624313240309802,0.16245286980226278,0.07641043011103636,0.02012375708129857,0.0,0.03184810272465402,0.15766189038228232,0.0,0.0,0.0,0.0,0.06327827390125575,1.1548475280706514,"(0.0434, 0.0634]","rar11_rep2,rar11_rep1,rar_rep1,rar_rep2,rz_rep1,rz-EV,arr",common_only_enrich,TAGAAAAAATTATTTCTTGTGCAACAGAATCTCTTTGCATTAGCTGGTGATGAAGAACCAGAGGTACGGAAAAATGTGTGCCGAGCACTTGTGATGTTGCTCGAAGTTCGAATGGATCGCCTGCTTCCTCACATGCATAATATAGTTGAG,GTATTTTGATCACAACTATAGCCTCCAAGGGAGAATTGCAGAATTGGCCTGACCTCTTACCAAAACTCTGTAGCCTGTTGGATTCTGAAGATTATAATACCTGTGAGGTAAGGATATTTGTTTCATACATAATTGGGTGTTTTCTGTTTT
chr14:79697630|79805199:+,0.0,0.0,0.0,0.0,0.0,0.0,0.0,0.039630201867727824,0.0,0.0,0.0,0.0,0.17676734358801705,0.08138081211078864,0.13428048183093183,0.2567803425906734,0.07641043011103636,0.02683167610839809,0.2687204690600242,0.0530801712077567,0.1351387631848134,0.0,0.0,0.0,0.0,0.06335863288600263,0.8929334485516248,"(0.0434, 0.0634]","rar11_rep2,rar11_rep1,rar_rep1,rar_rep2,rz_rep1,rz-EV,arr",common_only_enrich,TCCTTATCTCTCTCTCTTCTCTCTCTTCCCCTACCCCATTATTTTCTCTTTGACATAAACAGCCAACATCAGATGATCTTGTTTCATCTGCTGAATGTTCAAGTGATGATGAAGACTTTGTTGAATGTGAGCCGAGTACAGGTAGGTCAG,GCCGGCAGTTAACCATCTTCAACACTCAGGCGCAAATAGCCATTGGTGGAAAGGACAAAGGACGCCTCTTCCAAGGCCAACTCTCTGGGCTCTATTATGATGGTTTGAAAGTACTGAACATGGCGGCTGAGAACAACCCCAATATTAAAA
chr17:62029541|62063222:-,0.0,0.0,0.0,0.08696565043162915,0.0,0.0,0.0,0.07926040373545565,0.0,0.0,0.0,0.0,0.12373714051161191,0.06781734342565719,0.06714024091546592,0.26202075774558514,0.09278409370625844,0.0,0.0,0.02123206848310268,0.20270814477722016,0.0,0.03826303864696998,0.01798482418953098,0.005498265341270952,0.06337949523973893,1.0939290631340362,"(0.0434, 0.0634]","rar11_rep2,rar11_rep1,rar_rep1,rar_rep2,rz_rep1,rz-EV,arr",common_only_enrich,TTTATGAATTTTAAAGAATTTTGTAACTTTAAATCTTAGGAGGAAGTATTCTGCTTCATCAGGTGGTCTATGCGAAGAAGCGACAGCTGCTAAAGTGGCATCCTGGGATTTTGTTGAAGCCACACAAAGAACAAATTGCAGTTGTTTGAG,AAGAAGACCCCATTTTGAGCAGTTTTAGTCGCTGCCTTAAGGCAGATGTACTTGGTGTTTGGCGGCGAGATCAAAGACCTGGAAGAAGAGAATTGTGGATATTTTGGTGGGGTGAAGACCCCAGTTTTGCTGACCTTATTCACCATGACT
chr2:232014835|232015671:+,0.0,0.0,0.026230874610281337,0.05590648956319017,0.07478016021670691,0.008312494049293323,0.0,0.13870570653704736,0.0,0.0,0.0,0.0,0.10606040615281022,0.016954335856414298,0.054551445743816054,0.02096166061964681,0.04912099078566624,0.0,0.0,0.08492827393241072,0.2702775263696268,0.0,0.0,0.0,0.005498265341270952,0.08155936482579804,1.1869776023404541,"(0.0634, 0.0818]","rar11_rep2,rar11_rep1,rar_rep1,rar_rep2,rz_rep1,rz-EV,arr",common_only_enrich,GCTGTGGCTGGTCCACATGACATTGGTGCTTCGCCAGGTGACAAAAAGTCAAAGAACAGGTCCACACGAGGGAAGAAAAAGAGCATATTTGAAACTTACATGTCCAAGGAGGATGTTTCAGAAGGCTTGAAGAGAGGAACACTCATCCAG,CGAATGACAACAGAGCTGCTCAAGGCGGGAACTCTGAGCTAAGCAGTGGAGGTTTCTCTGGATCTGGAGAGAAGAGTGACCTTGGAGCCAATAATGAGCCATCCTGACTACAGAATGAACCTCCGGCCCCTGGGGACCCCCAGAGGTAGT
chr7:138576373|138581771:+,0.0,0.0,0.0,0.012423664347375594,0.0,0.0,0.0,0.1981510093386391,0.0,0.0,0.0,0.0,0.10252505928104988,0.07798994493950578,0.18463566251753125,0.14149120918261598,0.09824198157133247,0.0,0.0,0.02123206848310268,0.09009250878987561,0.0,0.0,0.0,0.0,0.08172874200980777,1.0144844282609982,"(0.0634, 0.0818]","rar11_rep2,rar11_rep1,rar_rep1,rar_rep2,rz_rep1,rz-EV,arr",common_only_enrich,GATTGTTATTTAAAATAAGCTGTGAATTCATTGTTTTATAATATTTTATCTCAGTTTTTATTTATTTTTGCTTAGAAGTGTGAGCGCCTACTTTTATTTCTTTACTGCCATGAAATGAGCCTGGCTTTTCAAGACCCTGTTCCTCTAACT,GACCTGTTACTATGACTAGTGTACACCCCCCAATACGTTCACCTAGTGCCTCCAGCGTTGGAAGCCGAGGAAGGTAAACTGACTAAACCATATTTTCTAGTATATAAAAATCTCTAATTAGATTTCTTTTGCCAGTGTTCAACATGTTTT
chr9:96515649|96565483:-,0.0,0.0,0.026230874610281337,0.05590648956319017,0.02670720007739533,0.0,0.0,0.029722651400795864,0.0,0.0,0.0,0.0,0.14494922174217398,0.11528948382361724,0.28954228894794676,0.12052954856296916,0.0,0.0,0.11516591531143897,0.04246413696620536,0.09009250878987561,0.0,0.01913151932348499,0.0,0.005498265341270952,0.08180133360995882,1.2338281831124642,"(0.0634, 0.0818]","rar11_rep2,rar11_rep1,rar_rep1,rar_rep2,rz_rep1,rz-EV,arr",common_only_enrich,TTCCAGATGTCCCCTAGCTGTGCTGACCTCTGCACTGTGTAGTGTTGTCATCTGGTGGATTGTTTGTGACTACATTCTTCCCATCCTGCTATTCTGTCTCGATGGTTTCAGAACACAGTAGCCATCAGGACCCCCTGACAGATAGCTGCT,ATCGCCTTTGTTTTGCCATTCTCTACAGCAGACCAAAGAGTGCATCAAATGTACATTATTTCAGCATAGATAATGAACTTGAATATGAGAAGTAAGTATTGCTCTTTAAAAGATTTTAACTTTTTGTTTTTGAAGAATCTAAAGGTATGG
chr2:215312498|215336124:+,0.0,0.0,0.0,0.10560114695269254,0.0,0.0,0.0,0.17833590840477517,0.0,0.0,0.0,0.0,0.2262621997926618,0.13224381968003154,0.16785060228866477,0.20961660619646813,0.21831551460296103,0.006707919027099523,0.5758295765571948,0.04246413696620536,0.22523127197468906,0.0,0.0,0.01798482418953098,0.010996530682541904,0.10816032428527256,0.82891265730418,"(0.0818, 0.108]","rar11_rep2,rar11_rep1,rar_rep1,rar_rep2,rz_rep1,rz-EV,arr",common_only_enrich,TTTTTTAAGAGGTGTTCTCTGATTTTTAAAAATAGAAATTAAAATTTAATATTTTTGCAGGTATCTGATGGTATAATTGCCCCAGGATATGAAGAAGAAGCCTTGACAATACTTTCCAAAAAGAAAAATGGAAACTATTGTGTCCTTCAG,CCTTATTTAGTGTCTCTGACAAAACCGGCCTTGTGGAATTTGCAAGAAACCTGACCGCTCTTGGTTTGAATCTGGTCGCTTCCGGAGGGACTGCAAAAGCTCTCAGGGATGCTGGTCTGGCAGTCAGGTAAGGCATAGCTAGTTCCATCA
chr2:229802252|229804227:-,0.0,0.0,0.08393879875290029,0.11802481130006814,0.0,0.0,0.0,0.12879815607011544,0.0,0.0,0.0,0.0,0.19444407794681873,0.145807288365163,0.12169168665928196,0.28298241836523197,0.21831551460296103,0.02683167610839809,0.0,0.12739241089861608,0.20270814477722016,0.03074115321870326,0.01913151932348499,0.0,0.0,0.10816269142701429,0.6430642882346332,"(0.0818, 0.108]","rar11_rep2,rar11_rep1,rar_rep1,rar_rep2,rz_rep1,rz-EV,arr",common_only_enrich,AAAGGCATGTACGAATGGATCGGGATCCATGGGATCCACAACTTCAGTCAGCAGTGGGACAGCCACAGCTGCCACTCATGCTGCAGCTGACTTGGGATCACCCAGCTTGCAGCACAGCAGGGATGATTCTTTAGATCTCAGCCCTCAAGG,GTGGATATTCAGAGTCAAAGAAGGATGATGCTCGAGCACAGCTTATGAAAGAGGATCCGGAACTGGCTAAGTCTTTTATTAAGACATTATTTGGTGTTCTTTATGAAGTGTATAGTTCCTCAGCAGGACCTGCGGTCAGACATAAGTGCC
chr16:16007816|16014628:+,0.0,0.0,0.13640054797346296,0.2546851191211997,0.14956032043341383,0.0,0.0,0.07926040373545565,0.0,0.0,0.0,0.0,0.6257563963015803,0.27466024087391167,0.24757963837578056,0.5345223458009937,0.5676203379676986,0.02012375708129857,0.0,0.03184810272465402,0.11261563598734453,0.0,0.0,0.0,0.010996530682541904,0.1081372217685269,1.0337515821711785,"(0.0818, 0.108]","rar11_rep2,rar11_rep1,rar_rep1,rar_rep2,rz_rep1,rz-EV,arr",common_only_enrich,TTCTCTCCTCAGCTGCTTGCTACCTTTTTAATTCAGCTGGAGAGGAGGAAGGGAGTTCAGTCTTCAGGGATCATGCTCACTTTCTGGCTGGTAGCCCTAGTGTGTGCCCTAGCCATCCTGAGATCCAAAATTATGACAGCCTTAAAAGAG,GACTGGAATGTCACGTGGAATACCAGCAACCCCGACTTCACCAAGTGCTTTCAGAACACGGTCCTCGTGTGGGTGCCTTGTTTTTACCTCTGGGCCTGTTTCCCCTTCTACTTCCTCTATCTCTCCCGACATGACCGAGGCTACATTCAG
chr1:52860731|52892975:+,0.0,0.0,0.041969399376450146,0.11802481130006814,0.03739008010835346,0.0,0.0,0.2873189635410267,0.0,0.0,0.0,0.0,0.28636309661258763,0.2441424363323659,0.22240204803248081,0.3406269850692607,0.21831551460296103,0.0,0.1919431921857316,0.06369620544930804,0.15766189038228232,0.03074115321870326,0.0,0.01798482418953098,0.0,0.14370895670802386,0.7878496265966533,"(0.108, 0.144]","rar11_rep2,rar11_rep1,rar_rep1,rar_rep2,rz_rep1,rz-EV,arr",common_only_enrich,CTTTTGTGTGATATCCAGGAGCACAGTGAGGCAACCCCCAAAGCACAGCAGATTGCAGCCTCCATTCTGGATGACTTCAGAATGCATTTCATGAATTATCAGAGGCCCACTCTGTGTCAAATGCCCTTCTGAACCTAAGGAATTTCAGAG,GTTGCTGGAGGAGCCAGTATGAGTCAGATTTCAGAAGCACTGAGCCGATACAGGAACAGATCATGTTTTGTGAAGGAAGCCCTCCACAGGCTGTTCACAGAGACATTTTCAATGGAGGTAACCATGCCTGCTATTTTAAAGGTAATTGAA
chr3:53290791|53292827:-,0.0,0.0,0.026230874610281337,0.05590648956319017,0.05341440015479066,0.0,0.0,0.06935285326852368,0.0,0.0,0.0,0.0,0.9156548397859282,0.05764474191180862,0.3776638551494958,0.8856301611800778,0.627657104483513,0.013415838054199046,0.2687204690600242,0.3078649930049889,0.18018501757975122,0.0,0.0,0.0,0.016494796023812857,0.1441723224197687,1.0318420048366757,"(0.108, 0.144]","rar11_rep2,rar11_rep1,rar_rep1,rar_rep2,rz_rep1,rz-EV,arr",common_only_enrich,GAAAGTCTTTTTCAATTAAGACTAGGAAGTCTTCTTAATTGAAACTTCTTATATCCGTCTGTCTTTTCTTCATAAACATTTCAGTCTATGCAGCAGAACCAGGATCCTGAAGTATTTGTGCAGCCTAAGGTGTTATCCAGTGCCATCCCG,TCTGCTCCATCTGGACACAAGCATCTGACGGTAGAAGAGTTATTTGGAACCTCTTTGCCAAAGGAACAACCAGCAGTTGTGGGTCTGGATTCAGAAGAAATGGAGAGGTTGCCAGGAGATGCCTCCCAGAAAGAGCCCAATTCATTCCTA
chr18:196637|203190:+,0.0,0.0,0.08393879875290029,0.0,0.15490176044889292,0.0,0.0,0.09907550466931955,0.0,0.0,0.0,0.0,0.31111052471490996,0.2780511080451945,0.27275722871908026,0.42971404270275965,0.36022059909488574,0.006707919027099523,0.11516591531143897,0.04246413696620536,0.2702775263696268,0.04611172982805489,0.01913151932348499,0.0,0.0,0.1441053192282116,0.8645941267157027,"(0.108, 0.144]","rar11_rep2,rar11_rep1,rar_rep1,rar_rep2,rz_rep1,rz-EV,arr",common_only_enrich,TTAAAACTTGTATGGTATTTTGATGTAATGGGATTTCTTTACATTTTGTCTCCTCAGTCCAAGATCAGCCGGCTGCCTGCTTACTTGACCATTCAGATGGTTCGATTTTTTTATAAAGAGAAGGAATCTGTGAATGCCAAAGTTCTTAAG,CCCTTAGAGATTTGTTTGATTCCATGGATAAAACTTCTTCCAGTATTCCACCTATTATTCTACTGCAGTTTTTGCACATGGCTTTCCCACAGTTTGCCGAGAAAGGTGAACAAGGACAGTATCTTCAACAGGTAATTAGGGCAAGGTATT
chr10:125807413|125816525:-,0.0,0.0,0.057707924142618945,0.09317748260531696,0.048072960139311595,0.1496248928872798,0.0,0.049537752334659776,0.0,0.0076292344635408415,0.0,0.0,0.498483908918208,0.4747214039796004,0.5035518068659943,0.6078881579697575,0.2728943932537013,0.02683167610839809,0.2687204690600242,0.13800844514016744,0.24775439917215797,0.0,0.0,0.0,0.0,0.20193911535608286,1.0627592142493103,"(0.144, 0.203]","rar11_rep2,rar11_rep1,rar_rep1,rar_rep2,rz_rep1,rz-EV,arr",common_only_enrich,ACGTTAAAAAATAACGCTGGAACAAAAGGACTTCAATAACCGTGTTAAGAAATACATTTCTTTGTGGTTTTCCAGTGAGTAAAATTGGCCTGGATACAGAAGGAGAAACCTGTGGAAATGCAGAAAAGCTTGCAGAATATATTTGTTCCA,TGCCCTATAAGGACTGCCAGGCAATAATGAAGGTTCTTTTACTGAAGGATGCGAAGGAAGATGACTGTGGCCAGGATCCGTATATCAGGGTAAGTGGCCTGAGACTCCTTATCCCACAGTGTCCTTTCTACTGAGTCAAGGGGCCTGGAG
chr17:18206815|18208375:+,0.0,0.0,0.15738524766168802,0.0,0.0,0.19949985718303972,0.0,0.1585208074709113,0.00663533311966676,0.0,0.0,0.0,0.5904029275839769,0.2271881004759516,0.3021310841195966,0.23581868197102662,0.2728943932537013,0.0872029473522938,0.3838863843714632,0.1592405136232701,0.5630781799367226,0.0,0.01913151932348499,0.0,0.005498265341270952,0.2022367072811033,0.955776846891403,"(0.144, 0.203]","rar11_rep2,rar11_rep1,rar_rep1,rar_rep2,rz_rep1,rz-EV,arr",common_only_enrich,ATCCTGGAGATGGACAAGGAAGAGAACCGGCGCTCGGTGCTGCTGCCCACACACCGGCGGAGGGGTAGCTTCAGCTCTGAGAACTACTGGCGCAAGTCATACGAGTCCTCAGAGGACTGCTCTGAGGCAGCAGGCAGCCCTGCCCGAAAG,GACAAGATTAGATGCACCCCGGTTGGAAACAAAGTCCCTGAGCAGCTCCGTGTTACCACCCAGCTATGCTTCAGATCGCCTGTCAGGAAACAACAGGGACCCTGCTCTGAAACCCAAGCGGTCCCACCGCAAGGCAGACCCTGATGCTGC
chr22:28617898|28629830:-,0.0,0.0,0.11541584828523789,0.08696565043162915,0.06943872020122785,0.0,0.0,0.12879815607011544,0.0,0.0,0.0,0.0,0.798988393017837,0.583229153460652,0.5497107224953772,0.9275534824193713,0.5785361136978467,0.02683167610839809,0.0,0.02123206848310268,0.1351387631848134,0.0,0.0,0.0,0.0,0.20258698052772295,1.2590411516766544,"(0.144, 0.203]","rar11_rep2,rar11_rep1,rar_rep1,rar_rep2,rz_rep1,rz-EV,arr",common_only_enrich,ACCTGCCTCGGCCCCCCAAAGTGCTGGGATTGCAGGCGTGAGCCACCATGCCCGGCCAACAACAGCCATTTATTTTGTAGGTCAGCTGAGTGACTCTTCTGGACTGGGCCGACTCAACTGATCTCTGCTGGTCTTTCTCATGTGTTTCAG,ATTCCTCTCTTTGGTGCTGACACTATTGGCCAGAGAAGTCCTGATGGACCGGTACTGAGCAAAGCTGAATTTGTTGAGAAAGTTCGTCAGAGTAATCAGGCCTGTCATGATGGAGATTTCCACACAGCTATTGTTCTGTATAATGAAGCC
chr1:223804174|223806947:-,0.0,0.049782158253697646,0.031477049532337605,0.006211832173687797,0.02670720007739533,0.0,0.0,0.23778121120636692,0.0,0.0,0.0,0.0,0.477271827687646,0.3729953888411146,0.9567484330453893,0.9432747278841065,0.36022059909488574,0.04024751416259714,0.3071091074971706,0.3078649930049889,0.2928006535670958,0.0,0.0,0.0,0.005498265341270952,0.3105269921437466,1.0323388866463836,"(0.203, 0.312]","rar11_rep2,rar11_rep1,rar_rep1,rar_rep2,rz_rep1,rz-EV,arr",common_only_enrich,AACAAGATCAGCGACAACAGCAACAAGTTGCTGAGCAGGAGAAACTTAAAAGGCTAAAAGAAATAGCTGAGAATCAGGAAGCTAAGCTAAAAAAAGTGAGAGCACTTAAAGGCCACGTGGAACAGAAGAGACTAAGCAATGGGAAACTTG,GTTAATAGTCCTAGGATGGATCTGACTCTTGCTGAACTTCAGGAAATGGCATCTCGCCAGCAGCAACAGATTGAAGCCCAGCAACAATTGCTGGCAACTAAGGTAGTATCGTCCTTTTTTTTTGGAGATGAATGCTCACTCTGTCGCCTA
chr8:67118248|67137603:+,0.0,0.0,0.03672322445439387,0.2795324478159509,0.06409728018574878,0.0,0.0,0.5944530280159173,0.0,0.0,0.0,0.06734595387529496,0.36414072779131507,0.3933405918688117,0.4825704815799113,0.3982715517732894,0.2674365053886273,0.006707919027099523,0.6142182149943411,0.16985654786482143,0.472985671146847,0.0,0.0,0.03596964837906196,0.06597918409525143,0.3113122149387943,0.7412230986010069,"(0.203, 0.312]","rar11_rep2,rar11_rep1,rar_rep1,rar_rep2,rz_rep1,rz-EV,arr",common_only_enrich,AGATTCGGGAAAGAGAAGAAAGAAGGAAGAAAGAACGTGAAGAAAAAGAAGAATATGAAGCTAAATTAGAAGCTGAAATGAGAACATATAATCCCTGGGGAAAAGGTGGAGGTGGTGCTCCTCTCAGGGATGCAAAAGGAAATCTGATAA,GATTGCACCTCTGCCTCCACCTCCCCTACTACCACCTTTGGCTACTAACTATCGAACTCCTTATGATGATGCATACTATTTTTATGGGTCCAGGAATACTTTCGATCCCAGTCTTGCTTATTGTAAGTTATCTATAGGGTAAGCATTTTC
chr12:45331295|45357424:+,0.0,0.0,0.07869262383084401,0.0,0.06943872020122785,0.0,0.0,0.29722651400795863,0.0,0.0,0.0,0.0,0.6858572931215061,0.4916757398360147,0.9987110836175556,0.6969752156032565,0.9332988249276584,0.006707919027099523,0.7293841303057801,0.1061603424155134,0.2702775263696268,0.0,0.0,0.01798482418953098,0.016494796023812857,0.311506571752926,1.1219273479180234,"(0.203, 0.312]","rar11_rep2,rar11_rep1,rar_rep1,rar_rep2,rz_rep1,rz-EV,arr",common_only_enrich,TCTGTCTTTCTTCAGGAAATACTATGGAGAGAAGATTGGAATCTACTTTGCTTGGCTGGGCTATTACACTCAGATGCTTCTCCTGGCCGCAGTTGTAGGAGTGGCTTGCTTTCTCTATGGATATCTTAATCAAGATAACTGTACATGGAG,GAAGAATTTAATGGAAAACCTGACTCCCTCTTTTTTAATGATGGCCAGCGAAGAATTGACTTTGTTCTAGTATATGAGGATGAAAGCAGAAAAGAGACCAATAAAAAGGGTACAAATGAAAAACAAAGGGTAAGTTTTTATGCTATTTTC
chr3:149846011|149921227:+,0.0,0.0,0.666264215101146,2.9319847859806405,1.5009446443496175,0.24937482147879964,0.0,2.7642065802740157,0.0,0.0,0.0,0.0,4.242416246112409,3.5739739985321344,5.2705089118640736,4.37050623919636,4.333562964868777,0.14086629956909,0.0,1.1146835953628906,2.2297895925494218,0.0,0.1530521545878799,0.16186341770577886,0.1704462255793995,2.160515557737419,0.8814703921874139,"(0.312, 6.838]","rar11_rep2,rar11_rep1,rar_rep1,rar_rep2,rz_rep1,rz-EV,arr",common_only_enrich,CACTTTCTCTTTGCACATTTAATATCTGACTCCTTTTTTTACTCTTTTATTTTTAGATCACAAAATTTGTCCAGGATAGACATAGAGCTAGAAGAAACAGACTTCGTAAAGATCAACTTAAGAAACTTCCTGTACATAAATTCAAGAAAG,GTGATTTTACAACGAGATGCTGCTCTCCATAGGGATGCTCATGCTGTCAGCCACACAAGTCTACACCATCTTGACTGTCCAGCTCTTTGCATTCTTAAACCTACTGCCTGTAGAAGCAGACATTTTAGCAGTAAGTACAGTAAAATTTAT
chr5:180261684|180280608:-,0.12978277089590215,0.0,1.3167899054361232,2.6089695129488746,1.4742374442722221,0.2992497857745596,0.0,10.511911045414806,0.0,0.0076292344635408415,0.007895314072672546,0.0,16.545423359838395,6.642708788543123,17.187901674359274,15.123838137075174,14.692634132779277,0.23477716594848333,11.36303697739531,2.4204558070737057,10.811101054785075,0.0,0.7078662149689445,0.2877571870324957,0.29140806308736045,6.837926633323335,0.9355992406737696,"(0.312, 6.838]","rar11_rep2,rar11_rep1,rar_rep1,rar_rep2,rz_rep1,rz-EV,arr",common_only_enrich,TTCTCCCTCAGGTATTTGGTTATGGAATTAATGGATGCTAACTTATGTCAGGTTATTCACATGGAGCTGGATCATGAAAGAATGTCCTACCTTCTTTACCAGATGCTTTGTGGTATTAAACATCTGCATTCAGCTGGTATAATTCATAGA,GGATCTGAAACTTGCCCACCCTTCGGGATATTGCAGGACGCTGCATCATGAGCGACAGTAAATGTGACAGTCAGTTTTATAGTGTGCAAGTGGCAGACTCAACCTTCACTGTCCTAAAACGTTACCAGCAGCTGAAACCAATTGGCTCTG
chr20:58438945|58441083:+,0.12978277089590215,0.0,0.026230874610281337,0.0,0.03739008010835346,0.0,0.0,0.019815100933863912,0.0,0.0,0.0,0.0,4.083325636883194,4.567498079718012,6.009051561934199,4.884066924377707,4.93393063002692,0.28173259913818,4.453082058708973,1.4225485883678795,3.986593513951996,0.0,0.0,0.0,0.0,2.2865009778437075,1.1048463604233085,"(0.312, 6.838]","rar11_rep2,rar11_rep1,rar_rep1,rar_rep2,rz_rep1,rz-EV,arr",common_only_enrich,TCCACAACTGCATCAAAGACAGAAACACCAATAGTGTCTAAGTCTCTGAGTTCTTCTTTGGATGACACCGAAGTTAAGAAGGTTATGGAAGAATGTAAGAGGCTGCAAGGTGAAGTTCAGAGGCTACGGGAGGAGAACAAGCAGTTCAAG,TGGAAGGAGGCAAAACCGGAAGACCTTATGGATTCAAAACTTAGATGTGTGTTTGAATTGCCAGCAGAGAATGATAAACCAGTAAGTATATTTATAGTTAACAATAATTGAATGTTGTAAGCTGATACTTATTTGCATACCATTTCCTGC
chr1:47295765|47304996:-,0.0,0.0,0.031477049532337605,0.04348282521581458,0.02670720007739533,0.0,0.0,0.08916795420238759,0.0,0.0,0.0,0.0,0.20151477169033943,0.2271881004759516,0.31052361423402985,0.1781741152669979,0.2292312903331091,0.006707919027099523,0.0,0.02123206848310268,0.045046254394937806,0.04611172982805489,0.0,0.0,0.005498265341270952,0.08848644245878458,1.213985598015327,"(0.0174, 0.0899]","rar11_rep2,rar11_rep1,rar_rep1,rar_rep2,rz_rep1,rz-EV,arr,rz_rep1,rz-EV",common_rz,AGATTATGTCTTTTAGGTAAAAAGTACATAATTTCAGTTATTTTCACATGAATGTCTTCTGTTTAGATATCTTACCATGGATGAAACACGCAAATTGTTACTTTTGTTGGAATCTGATCCCAAGGTTTATTCTCTACCATTGGTGGGAAT,GTTTCCTTCAAGCAGGATGGTACCTTTCCACTTTCCTCCATCAAAATGTGCACTTTGGAACCCAACGCCAACTGGAGATTTCATCTACTTACATCTCAGTTACTACAGGTATAACATGTTTCTTTTTTTCAAATCAAGCCAGTATAAACA
chr2:241325993|241343093:+,0.0,0.0,0.020984699688225073,0.12423664347375593,0.048072960139311595,0.0,0.0,0.2575963121402309,0.0,0.0,0.0,0.0,0.11666644676809125,0.07120821059694006,0.18043939746031462,0.29346324867505535,0.35476271122981173,0.006707919027099523,0.5374409381200485,0.03184810272465402,0.22523127197468906,0.01537057660935163,0.0,0.0,0.005498265341270952,0.08978455319978597,1.1393093535428271,"(0.0174, 0.0899]","rar11_rep2,rar11_rep1,rar_rep1,rar_rep2,rz_rep1,rz-EV,arr,rz_rep1,rz-EV",common_rz,AACATACGCAGTTTGCTAAAATTGATCCTGGTTTTGTCATTCTCTCAGATTCTGGATGAAATTGAAGAACATAACATCAAAATCTATCACTTACCTGATGCAGAATCAGATGAAGATGAAGATTTTAAAGAGCAGACTAGACTTCTCAAG,CAACAGCCAACTCAGTTTATAAATCCAGAAACACCTGGCTATGTTGGATTTGCAAACCTCCCCAATCAAGTTCACCGAAAATCAGTGAAAAAAGGTTTTGAGTTCACACTGATGGTGGTCGGTAAGAAATTAATCTATAGTCTCCAACTT
chr9:20715322|20720534:+,0.0,0.0,0.21509317180430698,0.0,0.0,0.08312494049293323,0.0,0.029722651400795864,0.0,0.0,0.0,0.0,0.28282774974082725,0.31195977975802314,0.16785060228866477,0.18865494557682128,0.18011029954744287,0.0,0.07677727687429264,0.04246413696620536,0.18018501757975122,0.01537057660935163,0.0,0.0,0.005498265341270952,0.08599109687718727,1.2647744804623158,"(0.0174, 0.0899]","rar11_rep2,rar11_rep1,rar_rep1,rar_rep2,rz_rep1,rz-EV,arr,rz_rep1,rz-EV",common_rz,TGCTTTGAACTTGCTGTGGGAGAAGTGTTGCAGTGACAATGTAGTGGTTCGAACAGCCTGCTGTGAAGGTCTGGTGGCACTCGTTGCTCAGGATCATGCAGAGTTCAGCTATGTTCTCAATGGGATACTCAACTTGATTCCATCAACCAG,AAGCTGCACACATACATGTAAGAGAAGCAAAAATGTCAGATGATATCAGGAAAAGGTTTGAATTTCCAAATTCTCTTATCCAATCACAGGTAATTTTGTTTGTTTATTTTTGCTCATGGTAACAAATAAACCTGTTCTGTGGATTTTTAA
chr2:134866542|134869041:-,0.0,0.0,0.0,0.006211832173687797,0.01068288003095813,0.0,0.0,0.14861325700397932,0.0,0.0,0.0,0.0,0.28989844348434796,0.145807288365163,0.31471987929124645,0.3301461547594373,0.45300469280114414,0.0,0.07677727687429264,0.1061603424155134,0.31532378076456463,0.03074115321870326,0.01913151932348499,0.0,0.021993061365083808,0.12623255300089342,0.9395825446267079,"(0.0899, 0.127]","rar11_rep2,rar11_rep1,rar_rep1,rar_rep2,rz_rep1,rz-EV,arr,rz_rep1,rz-EV",common_rz,ATATTGAGGTTCTGGAGTGATTCATCCTACCCTCATACATAAATGTTTGTGCTAACCAGGCTGATGCAATGTGACTTGTGTACATAAGCATTTTTAAAATGGAAAAGCAATTCTGGGACAACAAGGGATTCTGGAAGTGTCAGGAAAAGG,CAATCACAGGAATATATAAAACATGAGCAGAAAGAGGCCTTTGGAGAAATCTGGACCAGCATTCTCATTTTACGGATGAGGGACCACGGCCCATGGAGGTAAAGTGATTTACTACAGGCAATACAGTGAAATAGAGACTAAATTGAAACT
chr2:174915058|174952202:-,0.0,0.0,0.0,0.0,0.02136576006191626,0.09974992859151986,0.0,0.1089830551362515,0.0,0.0,0.0,0.0,0.16262595610097566,0.12207121816618295,0.17624313240309802,0.15197203949243937,0.12007353303162857,0.0,0.7677727687429264,0.14862447938171877,0.5180319255417849,0.01537057660935163,0.057394557970454965,0.03596964837906196,0.016494796023812857,0.126409395099485,1.2678569354075742,"(0.0899, 0.127]","rar11_rep2,rar11_rep1,rar_rep1,rar_rep2,rz_rep1,rz-EV,arr,rz_rep1,rz-EV",common_rz,AGAAAGCACAGTTTCTGAATAGACTTTGTTTCTTAGGTTTCATGGCATGATCTCCAGAGAAGCAGCCGACCAGCTCTTGATTGTGGCTGAGGGGAGCTACCTCATCCGGGAGAGCCAGCGGCAGCCAGGGACCTACACTTTGGCTTTAAG,ATACAGATGAATATAGACCTCCTGTTTGGAAATCTTACTGTAAGTCTACAAATAATTGTGTGGGTTATAGTGCTTTATAAGTAATATAAAAATATGGGATTATTAGATAGAAATACTCATTCCATTTTGTACCCATTGTTGAAAAATTAA
chr19:325635|336173:-,0.0,0.049782158253697646,0.31477049532337603,0.0,0.30980352089778584,0.2909372917252663,0.0,0.20805855980557106,0.0,0.0,0.0,0.0,0.2333328935361825,0.03729953888411146,0.08812156620154901,0.12576996371788088,0.18556818741251688,0.0,0.07677727687429264,0.08492827393241072,0.6531706887265982,0.03074115321870326,0.0,0.01798482418953098,0.005498265341270952,0.12711749607446543,1.6284588114926755,"(0.0899, 0.127]","rar11_rep2,rar11_rep1,rar_rep1,rar_rep2,rz_rep1,rz-EV,arr,rz_rep1,rz-EV",common_rz,TGCCACAGCACGCTGCAGCCAGCCTCCCGCCCGGCCTAGATGCTCCTCAGTGTCCTGATTCCCAGGTGCTTGCTTTGCAGGAGATCATGGTGGGACCTCAGTTCCAAGCTGACCTCAGCAACCTGCACTTGAACCGGCACTGTGAGAAGA,GCCTCCTCGCTGGGGAGGCAGAGTCCTCGCGTGGTCTCCTGCCTCGAGCACAGCCTGTGCCCAGGGGAGCCGGGCTTGCAGACAACAGCAGGTACCTTCCTCCCTCCTTCCCCTGCTCAGGTCCGCCAAGGCCTTTGTGGCTGTGAGAGA
chr10:97437191|97437750:-,0.06489138544795107,0.0,0.026230874610281337,0.0,0.5555097616098228,0.6816245120420524,0.0,0.5944530280159173,0.0,0.0,0.0,0.0,0.4101002371241995,0.18310682724927443,0.264364698604647,0.0,0.31655749617429346,0.0,0.03838863843714632,0.01061603424155134,0.472985671146847,0.01537057660935163,0.0,0.03596964837906196,0.021993061365083808,0.17780594835634533,1.2536917106066496,"(0.127, 0.178]","rar11_rep2,rar11_rep1,rar_rep1,rar_rep2,rz_rep1,rz-EV,arr,rz_rep1,rz-EV",common_rz,CAGGTGGCTAAGGTGGGGGAAGACTTCTAACTCCTCATTTTCCTTCACCGGTGTTATGTGACTAGATCTCCTTAGGTGATGCACAGTCCAACTACCTGCTAACCACCGCCGAGAACGAGCTGGGAGTGGTGGTAGCCCACAGTGAGTCAG,GTTGAAATTTATAAGAGTTTCCGCCCAGGTGACATTGTCTTGGCCAAAGTGGTATCCTTTATTCCCAGCAGACTTCTGGTCCTTTGTCAAAAGAAGAGAAGGAGGCCGGGTGTGGTGGCTCATGCCTGTAATCCCAGCACTTTCGGAGGC
chr15:50643340|50663046:-,0.0,0.0,0.1626314225837443,0.14908397216850713,0.08546304024766505,0.0,0.0,0.06935285326852368,0.00663533311966676,0.0,0.0,0.0,0.3570700340477944,0.3831679903549632,0.9945148185603389,1.0009192945881351,0.6822359831342533,0.0,0.34549774593431687,0.01061603424155134,0.09009250878987561,0.01537057660935163,0.0,0.0,0.010996530682541904,0.17783093553322665,1.849097716993464,"(0.127, 0.178]","rar11_rep2,rar11_rep1,rar_rep1,rar_rep2,rz_rep1,rz-EV,arr,rz_rep1,rz-EV",common_rz,AAATGGAGTTACCCAAACTTGTTATCTCTGTACATGGGGGCATGCAGAAATTTGAGCTTCACCCACGAATCAAGCAGTTGCTTGGAAAAGGTCTTATTAAAGCTGCAGTTACAACTGGAGCCTGGATTTTAACTGGAGGAGTAAACACAG,TCCCAGAAATCCTGGATAGAAAGCACTTTGACCAAGAGGGAATGTGTATATATTATACCAAGTTCCAAGGACCCTCACAGGTAAGCACACCTTTGTTACTTCTGGGGTCTTCTAGAAATTTTAGTGTAAATTATATTGTTATTTCTTTAT
chr17:43095846|43124115:-,0.0,0.0,0.020984699688225073,0.037270993042126783,0.048072960139311595,0.0,0.0,0.16842835793784325,0.0,0.0,0.0,0.0,0.5409080713793321,0.3797771231836803,0.8182716861572408,0.9904384642783118,0.9878777035783988,0.006707919027099523,0.6909954918686337,0.08492827393241072,0.11261563598734453,0.01537057660935163,0.0,0.0,0.005498265341270952,0.17841764012219608,1.5040630471972267,"(0.127, 0.178]","rar11_rep2,rar11_rep1,rar_rep1,rar_rep2,rz_rep1,rz-EV,arr,rz_rep1,rz-EV",common_rz,GATCTTGGTCATTTGACAGTTCTGCATACATGTAACTAGTGTTTCTTATTAGGACTCTGTCTTTTCCCTATAGTGTGGGAGATCAAGAATTGTTACAAATCACCCCTCAAGGAACCAGGGATGAAATCAGTTTGGATTCTGCAAAAAAGG,TTCATTGGAACAGAAAGAAATGGATTTATCTGCTCTTCGCGTTGAAGAAGTACAAAATGTCATTAATGCTATGCAGAAAATCTTAGAGTGTCCCATCTGGTAAGTCAGCACAAGAGTGTATTAATTTGGGATTCCTATGATTATCTCCTA
chr10:110964125|110985765:+,0.0,0.0,0.0,0.1925667973843217,0.03739008010835346,0.0,0.0,0.5449152756812576,0.00663533311966676,0.0076292344635408415,0.0,0.0,0.8590892898377628,0.5934017549745005,0.5832808429531101,0.6340902337443161,0.8023095161658818,0.0,0.23033183062287793,0.0530801712077567,0.0675693815924067,0.07685288304675816,0.09565759661742494,0.08992412094765492,0.07697571477779332,0.23887829133979274,1.053604542407414,"(0.178, 0.239]","rar11_rep2,rar11_rep1,rar_rep1,rar_rep2,rz_rep1,rz-EV,arr,rz_rep1,rz-EV",common_rz,GTCAATTTACAGGTGAATTATGTAACCTCATTACGCTGGATGTAGCTCACAATCAACTTGAACACCTTCCAAAGGAGATTGGAAACTGTACACAGATAACCAACCTTGACTTGCAGCACAATGAACTGCTAGACCTCCCAGATACTATAG,GAACTCTAATGAATCATTGATTGACCAGCACTATTTTACCAGTTGGAATGAATGATCAGAAATGGGCATAGTGCTTTTAGATCCAACATGTAACAGATGGATGTTACTCCATGCTGATTACTTCTTCAAGCCAGTACTTTTTTGATTGTG
chr14:60115719|60125823:+,0.0,0.0,0.052461749220562674,0.2049904617316973,0.04273152012383252,0.0,0.0,0.217966110272503,0.0,0.0,0.0,0.0,0.5868675807122165,0.6883460357704205,0.8266642162716741,0.5712052518853756,0.5457887865074026,0.0,0.6142182149943411,0.13800844514016744,0.18018501757975122,0.03074115321870326,0.09565759661742494,0.05395447256859295,0.016494796023812857,0.2384046359466165,1.2818444603933705,"(0.178, 0.239]","rar11_rep2,rar11_rep1,rar_rep1,rar_rep2,rz_rep1,rz-EV,arr,rz_rep1,rz-EV",common_rz,GGTCCAATAGAAGACTTTAGAGAACTGATTAAGTACCTTGAAGAATATGAACGTGACTGGTACATTGGTTTGGTATCTGATGAAAAGTGGAAGGAAGCAATTTTACAAGAAAAGCCATACTTGTTTTCTCTGGGGTATGATTCTAATATG,TATCACCTTTTGCCATGATAGCATTTCTTTCATTGGACAGTTCCTTACAAGGGCTCCACTCAGTGTCTGTCTGTATTGGATTCACAAGAGCCTTTAGAATGGTAATCCTAATATGTGTTTAATAGTATTTTCCTATTGCTAAGTTTTATT
chr15:58010649|58014281:-,0.0,0.0,0.0,0.0,0.0,0.0,0.0,0.14861325700397932,0.0,0.0,0.0,0.0,0.5444434182510924,0.5493204817478233,0.5413181923809439,0.7126964610679916,0.5567045622375506,0.0,0.3838863843714632,0.13800844514016744,0.698216943121536,0.03074115321870326,0.0,0.0,0.005498265341270952,0.2386617951682665,1.159598688965206,"(0.178, 0.239]","rar11_rep2,rar11_rep1,rar_rep1,rar_rep2,rz_rep1,rz-EV,arr,rz_rep1,rz-EV",common_rz,CTCCATTTCTCTTCCAACAGACCATGGAATCCCTAAATGGTGGCAAACCATTCCTGCAAGCTTTTTATGTGGATTTGCAGGGCGTCATCAAAACCTTTCGATATTACGCAGGCTGGGCTGATAAAATTCATGGGATGACCATTCCTGTAG,ATCTTTATAAACAACGAGTGGCAGAACTCAGAGAGTGGGAGAGTGTTCCCTGTCTATAATCCAGCCACAGGAGAACAGGTGTGTGAAGTTCAAGAAGCAGACAAGGTATGTCTTTTGTAGATAAAAGATTTCCTATGAAATAACTGCCTT
chr8:119801794|119831721:-,0.0,0.0,0.09443114859701282,0.1863549652106339,0.06943872020122785,0.0,0.0,0.3963020186772782,0.0,0.0,0.0,0.0,0.8838367179400851,0.7290364418258148,1.1833467461350866,1.5983266222480692,1.1024933487449533,0.013415838054199046,0.844550045617219,0.04246413696620536,0.4054162895544403,0.01537057660935163,0.01913151932348499,0.0,0.021993061365083808,0.31458810101196627,1.3134151834497811,"(0.239, 0.316]","rar11_rep2,rar11_rep1,rar_rep1,rar_rep2,rz_rep1,rz-EV,arr,rz_rep1,rz-EV",common_rz,GTTTCTAATGGCGATTTGGTGGAGACAGTGTATACTCATGATATGAGGAAGAAAACTTTCCATTATATGCTTACCATTCCTACAGCAGCGTCAAATATCTCCTTGGCCATTGGACCATTTGAAATACTGGTAGATCCATACATGCATGAG,GTCGTCTGCATCAACAACATAAATTTCCAGAGAAAATCTGTTGTGGTAAGTTTATTCTCAACAATTATAAATAGTAACAAGTCCACTATAAAGAGTAACAATCCACCCCTCACAGTACTTAGAAAGTTTGTAGTCTTCCAGATAATTGTG
chr10:68487144|68516843:-,0.0,0.0,0.041969399376450146,0.0,0.01068288003095813,0.0,0.0,0.44583977101193795,0.0,0.0,0.0,0.0,0.9368669210164903,0.5934017549745005,1.1329915654484872,0.8908705763349895,0.644030768078735,0.02012375708129857,0.9597159609286581,0.02123206848310268,0.5856013071341916,0.01537057660935163,0.0,0.0,0.005498265341270952,0.31342268343927393,1.2833792813639882,"(0.239, 0.316]","rar11_rep2,rar11_rep1,rar_rep1,rar_rep2,rz_rep1,rz-EV,arr,rz_rep1,rz-EV",common_rz,AATTTATAGGGCTTTGTATTCAATAGTTGTTGAGTAGAAAACCAAAAATTTTTAATTCTTTATGCCTTTTTCTTCTTTTAGCTACCCATTTGATGTGACTCGTCGGCGAATGCAATTAGGAACTGTTCTGCCGGAATTTGAAAAGTGCCT,GTATTGCTGGATGCTGTGCCAAAACAACAGTTGCTCCATTGGATCGAGTAAAGGTTTTATTACAAGCTCACAATCACCATTACAAGCATTTAGGTGAGTTAATAGATGCTAAAGATAAAAATGAATGAAAATATTGTGGAAAGTGGGCAA
chr17:51041501|51056482:-,0.0,0.0,0.10492349844112535,0.11802481130006814,0.14956032043341383,0.016624988098586646,0.0,0.2873189635410267,0.0,0.0,0.0,0.0,0.8343418617354404,1.0206510185561408,1.0994214449907544,1.074285106756899,1.1570722273956935,0.006707919027099523,0.7293841303057801,0.20170465058947548,0.15766189038228232,0.01537057660935163,0.0,0.05395447256859295,0.021993061365083808,0.31572058266761677,1.3728197120999368,"(0.239, 0.316]","rar11_rep2,rar11_rep1,rar_rep1,rar_rep2,rz_rep1,rz-EV,arr,rz_rep1,rz-EV",common_rz,AAAGAACGCCCTATATCATTAGGAATTTTCCCATTACCTGCTGGAGATGGATTGCTTACACCTGATGCTCAGAAAGGAGGAGAGACCCCTGGATCTGAGCAATGGAAATTTCAGGAATTAAGTCAACCACGTTCTCATACCAGCCTGAAG,TTAGCAGACTTGAAGAAAGAGAAGCAGAACTGAAGAAGGAATATAATGCATTACATCAAAGACACACTGAGGTGGGTTTCTAGGTTTTTCATTACCATGCTATTATTGAGACAAAGAAATGAACCTTAGAAAATATGTCTTAATTTTTCT
chr6:160046498|160048543:+,0.0,0.0,0.026230874610281337,0.0,0.3151449609132649,0.0,0.0,1.5852080747091128,0.0,0.0,0.0,0.0,1.6015121329074342,0.45776706812318607,1.531636745884066,1.4201525069810714,1.4135929570541728,0.04024751416259714,1.5355455374858529,0.2123206848310268,0.20270814477722016,0.07685288304675816,0.0,0.01798482418953098,0.005498265341270952,0.46159366834451887,1.3805583657333196,"(0.316, 0.462]","rar11_rep2,rar11_rep1,rar_rep1,rar_rep2,rz_rep1,rz-EV,arr,rz_rep1,rz-EV",common_rz,GGCCTTGGAGGAAACTGGTATGCCATGGACAACTCAGGGGAACATGTCACGTGGAGGAAATACTACATTAACGTGTGTCGGCCTCTGAATCCAGTGCCGGGCTGCAACCGATATGCATCGGCTTGCCAGATGAAGTATGAAAAAGATCAG,GGTTTTCTTTTGACTTATCACCTCTCACAAAGAAAAATGGTGCCTATAAAGTTGAGACAAAGAAGTATGACTTTTATATAAATGTGTGTGGCCCGGTGTCTGTGAGCCCCTGTCAGCCAGACTCAGGAGCCTGCCAGGTGGCAAAAAGGC
chr11:46076754|46092223:-,0.0,0.0,0.41444781884244514,0.0,0.2510476807275161,0.32418726792243957,0.0,0.019815100933863912,0.0,0.0,0.0,0.0,0.6681805587627043,0.5493204817478233,1.1497766256773538,1.163372164390398,0.6713202074041051,0.046955433189696666,2.648816052163096,0.5732658490437724,1.7342807942051057,0.04611172982805489,0.01913151932348499,0.03596964837906196,0.010996530682541904,0.4600750414032347,1.3442647638849514,"(0.316, 0.462]","rar11_rep2,rar11_rep1,rar_rep1,rar_rep2,rz_rep1,rz-EV,arr,rz_rep1,rz-EV",common_rz,TAATGCAGTATGCATAGTCTTCCTGCTACTATTCTGTTAACAAATGAAATATCTTTCTCACAGATATTTTTTCTTTCCAATCAGAATGCTGACTTAAAGAAACAGCTTCATGAACTCCAAGCCAAAATCACAGCTTTGAGTGAGAAACAG,GGGGCTAGAGAGCTGAAGGAGAGCCAGTTTCCCCAAAATTGGTAAGTACTTTGACTAGGTAGACATCGTGTGCCTGATCCTGATGCTAGCTGGATAGTTATTCAAATATTGTGATTTTTTTTTTTTTTTGGCAAATAGGCTCTCTCTCAG
chr22:38494630|38501280:-,0.0,0.0,0.07344644890878774,0.11181297912638034,0.08012160023218598,0.0,0.0,0.5052850738135297,0.0,0.0,0.0,0.0,1.5272698486004672,0.41707666206779176,1.3302160231376685,1.462075828220365,1.2280247696416557,0.03353959513549762,0.8829386840543654,0.6369620544930804,1.1036332326759764,0.03074115321870326,0.03826303864696998,0.07193929675812392,0.043986122730167616,0.46029195534286543,1.064710494917196,"(0.316, 0.462]","rar11_rep2,rar11_rep1,rar_rep1,rar_rep2,rz_rep1,rz-EV,arr,rz_rep1,rz-EV",common_rz,GAGTGCAACCTGGCCAAAAGAAGTAAGACAGCTTGCAGAGGATTTCCTTCGTGATTACACCCAGATCAACGTAGGCAATCTGGAGTTGAGTGCCAACCACAACATCCTCCAGATAGTGGATGTCTGCATGGAAAGTGAAAAAGACCACAA,ATTTGGAGCAAGAGGTGGTGGTGGCCTTCCCCCGAAGAAATTTGGTAATCCTGGGGAGCGTTTGCGTAAAAAAAAGTGGGATTTGAGTGAGCTCCCCAAGTTTGAGAAAAATTTTTATGTGGAACATCCGGAAGTAGCAAGGCTGACACC
chr4:148435104|148436862:-,0.0,0.0,0.0,0.018635496521063392,0.0,0.0,0.0,1.347426863502746,0.0,0.0,0.0,0.0,0.466665787072365,1.2681843220597897,1.9596557817201614,1.8498665496838311,1.6373663595222077,0.05366335221679618,1.7658773681087307,0.4246413696620536,1.396433886243072,0.09222345965610979,0.1530521545878799,0.08992412094765492,0.12096183750796093,0.7580792019462184,0.9635659604466325,"(0.462, 0.768]","rar11_rep2,rar11_rep1,rar_rep1,rar_rep2,rz_rep1,rz-EV,arr,rz_rep1,rz-EV",common_rz,ACGATCGGCTAGAGACCAATCTTTCCAACACCTGAGTTCCTTTCCTCCTGTCAATACTTTAGTGGAGTCATGGAAATCACACGGCGACCTGTCGTCTAGAAGAAGTGATGGGTATCCGGTCTTAGAATACATTCCAGAAAATGTATCAAG,CGATGGAGACCAAAGGCTACCACAGTCTCCCTGAAGGTCTAGATATGGAAAGACGGTGGGGTCAAGTTTCTCAGGCTGTGGAGCGTTCTTCCCTGGGACCTACAGAGAGGACCGATGAGAATAACTACATGGAGATTGTCAACGTAAGCT
chr5:79640851|79669028:+,0.0,0.0,0.12590819812935042,0.33543893737914104,0.0,0.0,0.0,0.6142681289497812,0.0,0.0,0.0,0.0,2.043430491877477,2.0955559118528075,3.4031709614026786,3.228095735425609,2.3850969970373495,0.046955433189696666,0.4222750228086095,0.01061603424155134,0.6756938159240672,0.01537057660935163,0.0,0.0,0.032989592047625714,0.7662250210760934,1.5665048953189833,"(0.462, 0.768]","rar11_rep2,rar11_rep1,rar_rep1,rar_rep2,rz_rep1,rz-EV,arr,rz_rep1,rz-EV",common_rz,TTCTTTTTGACAGGAGTCTTTTAGTCCTGCTATACAGCTGCACCTTGTACATCAAGCTCCATGTAATGTTCCTCCTTACCTCTCAAAGAATGAATCAAACCTTGGGGACCTCTTACTGGGCTTTCTTAAATATTATGCTACAGAATTTGA,TTGAGTCAGCAGATACTGGAGTTATTTGAAACATGTCAGCAGCAAATAAGTGATTTAAAGAAGAAAGAACTCTGTCGAACACAGCTGCAGAGAGAAATTCAGCTGTTATTTCCACGTATGTTTCCCTATTTTGCATGTCCTTTAGGTATA
chr10:94441896|94474783:+,0.0,0.0,0.11541584828523789,0.27332061564226307,0.11217024032506039,0.19949985718303972,0.02779847188686609,0.09907550466931955,0.0,0.0,0.0,0.0,2.499490238334561,2.8483284238776023,2.6310581908748207,3.259538226355079,3.0727908680366767,0.3421038703820757,1.4971568990487065,0.20170465058947548,0.945971342293694,0.04611172982805489,0.01913151932348499,0.07193929675812392,0.03848785738889666,0.7661485874154238,1.5098670958187501,"(0.462, 0.768]","rar11_rep2,rar11_rep1,rar_rep1,rar_rep2,rz_rep1,rz-EV,arr,rz_rep1,rz-EV",common_rz,GTTTCTGCATAAGGTATGTTTTAATTTACTCTAGGAATATGAAGCACGAACGGGGAGGACCTGTAAACCACCACCTCAGTCTTCAAGACGCAAGAATTTTGAATTTGAGCCGCTTTCTACCACTGCCTTGATTCTTGAGGATCGACCATC,AAACCTTTTTCCAAAAAGGACAAAGGAACTCAAATCAGTTGTCCATAGTGCTCCTGGTTGGAAATTATTTGGTAAAGTCCCTCCTAGAGAGAATCTTCAGAAAACATCCAAAATCATTCAGCAGGTAAGTACTGACATAGCCATGTAGTT
chr4:185247294|185267155:+,0.12978277089590215,0.0,0.0,3.696040143344239,0.0,0.0,0.016679083132119653,4.943867682999046,0.0,0.0,0.0,0.01683648846882374,20.09844696595754,11.78665428737922,26.100768655887375,21.19747930161784,16.96857337251515,0.5970047934118575,10.364932378029508,1.7622616840975225,7.432631975164739,0.24592922574962608,0.36349886714621477,0.19783306608484083,0.2034358176270252,5.880546041364578,1.4627743328547604,"(0.768, 10.915]","rar11_rep2,rar11_rep1,rar_rep1,rar_rep2,rz_rep1,rz-EV,arr,rz_rep1,rz-EV",common_rz,TTACATTAACCAAATGCTGCTTGCCCAGCTGGCGTACAGAGAGCAAATGAATGAGCATCACAAGAGAGCCTACACCTATGCCCCCTCTTACGAGGACTTCATCAAGCTCATTAACAGCAACTCTGATGTGGAGTTCTTGAAGCAACTAAG,AGTCCTGTGTATGGAAACTCACATGAGTCAGCTCAGTCTAGAAGGGTAGTAATTTCTCATAATATGGATAAAGCTCTGAAAGAAGGTAAGGATTAAATGAGAGTATATAATTACCATGTAAAGCAATTCATTATGTTCTAAGAGGAAAAT
chr5:137985257|137988315:-,0.0,0.0,3.0795046792470293,4.329647025060395,4.540224013157206,0.0,0.08895511003797149,1.8428043868493436,0.0,0.015258468927081683,0.03158125629069018,0.05050946540647122,30.79287125303257,43.664196564609384,44.45103575109565,31.232874323273748,30.43864062351784,1.1336383155798195,7.677727687429265,1.9851984031701007,5.000134237838097,0.27667037896832936,0.3252358284992448,0.2158178902743718,0.36838377786515375,10.914830850803284,1.7271409200460108,"(0.768, 10.915]","rar11_rep2,rar11_rep1,rar_rep1,rar_rep2,rz_rep1,rz-EV,arr,rz_rep1,rz-EV",common_rz,TTAAACTTCATCCCTAGGATTGATATTGCTGATGATATTATTAATGCCAGTGAAAGTAACAGAGACTGTTCAAAACCTGTGGCTAGCACTAATTTAGACAATGAAGCTATGCAGCAAGATTGTGTATTTGAGAATGAAGAAAATACCCAG,CACCCATATATCTCCCATCAGCATCCTACCAGCCTCTACAGAGTAAGTAGTATATTTATAGAAGACAAATTTTTAAGATTTTAAAATACTACTAAGCTGTAGAAATGAAAATAATGTACTTGTGCTCACTTTAGAGGAAAGACTGTACAC
chr9:93471141|93498886:+,0.12978277089590215,0.0,1.1751431825406038,0.0,1.4475302441948268,0.17456237503515976,0.0,7.569368556736014,0.0,0.0,0.0,0.0,19.58935701642405,12.84121397764819,21.93387745407127,23.932976012481745,24.445879747666563,0.6842077407641514,0.0,1.7728777183390738,9.88765283968885,0.18444691931221957,0.0,0.5035750773068675,0.2749132670635476,6.102634546581659,1.2549695283473195,"(0.768, 10.915]","rar11_rep2,rar11_rep1,rar_rep1,rar_rep2,rz_rep1,rz-EV,arr,rz_rep1,rz-EV",common_rz,ACACATGACCAGTGGCACACTAATTTATGAAGGTTTTCCTGCCTTTATTTCAGTCTAGAACAGATGACAAAGTTATTCGATTTAAGAGAGCAATTGGATATTATTCAGCGACTAGTAAGCCTATGTCATTTCATCCACCACATTACTTAG,GTTGCACAGAGCATTGAGGATCACCATCAGGAAGTGATTGGTTTCTGCAGAGAGAATGGTTTCCATGGCTTGGTTGCGTATGACTCTGATTATGCACTGTGCAACATCCCCTACTATTTCAGTGCCCATGCCCTAAAACTGAGCCGGAAC
